Date,Open,High,Low,Close,Adj Close,Volume,id,ticker,tweet,tweet_cleaned,sentiment_score
2019-12-31,212.0,213.63999938964844,210.72999572753903,212.1000061035156,209.28663635253903,6773600,,,,,
2020-01-02,216.6000061035156,219.97999572753903,216.5399932861328,219.7700042724609,216.8548889160156,15873500,,,,,
2020-01-03,216.3500061035156,218.2030029296875,216.00999450683597,217.0,214.1216278076172,8604500,,,,,
2020-01-06,214.88999938964844,217.16000366210935,214.08999633789065,216.63999938964844,213.7664031982422,11885500,,,,,
2020-01-07,217.63999938964844,218.94000244140625,216.69000244140625,217.6300048828125,214.7432861328125,9388000,,,,,
2020-01-08,216.6000061035156,220.6499938964844,216.32000732421875,218.0,215.10836791992188,11959100,100079.0,BABA,"$BABA yeez guys, dont sell off now ... this dragon has just started to fly 💸💸💸💸💸",$baba yeez guys dont sell off now  this dragon has just started to fly,0.0
2020-01-09,221.5,223.0800018310547,220.82000732421875,221.77999877929688,218.83822631835935,13122500,,,,,
2020-01-10,223.8999938964844,225.9600067138672,222.06100463867188,223.8300018310547,220.8610382080078,12296000,109008.0,BABA,$BABA Trading at 75 dollars discount at least 💵 💵 💵,$baba trading at 75 dollars discount at least,0.0
2020-01-10,223.8999938964844,225.9600067138672,222.06100463867188,223.8300018310547,220.8610382080078,12296000,109010.0,BABA,$BABA hold your shares ! Next week Chinese delegation in US for treaty signing 🚀💸💸💸💸💸💸💸💸🚀🚀🚀🚀,$baba hold your shares  next week chinese delegation in us for treaty signing,0.296
2020-01-13,228.80999755859372,231.13999938964844,227.0399932861328,230.47999572753903,227.42282104492188,17544800,100143.0,BABA,$BABA excited for HK open today hehehe. Congrats again to all us bulls here 👍 May we continue to be prosperous,$baba excited for hk open today hehehe congrats again to all us bulls here  may we continue to be prosperous,0.836
2020-01-14,230.0500030517578,230.1750030517578,224.8800048828125,226.4900054931641,223.4857635498047,17266900,100145.0,BABA,$BABA bought at $80.   Sell time or run?💸🤑🚀,$baba bought at $80   sell time or run,0.0
2020-01-14,230.0500030517578,230.1750030517578,224.8800048828125,226.4900054931641,223.4857635498047,17266900,100148.0,BABA,$BABA could be some short term hooplah here at the 230's? Anyone's guess!! 😂 Would be nice though to get a wittle dip  🤷,$baba could be some short term hooplah here at the 230s anyones guess  would be nice though to get a wittle dip,0.4215
2020-01-15,226.6499938964844,227.82000732421875,224.38999938964844,225.05999755859372,222.07472229003903,10743400,,,,,
2020-01-16,226.3000030517578,226.3300018310547,222.72999572753903,223.94000244140625,220.96958923339844,13700500,,,,,
2020-01-17,225.8999938964844,228.0,225.3500061035156,227.42999267578125,224.4132843017578,12956200,,,,,
2020-01-21,222.4499969482422,222.6000061035156,220.72999572753903,222.25999450683597,219.31185913085935,15831100,,,,,
2020-01-22,224.69000244140625,225.5800018310547,222.0,222.3699951171875,219.4203948974609,10059600,,,,,
2020-01-23,217.92999267578125,220.1300048828125,216.7700042724609,219.1300048828125,216.223388671875,18519900,109028.0,BABA,$BABA maybe this week down next week up? 🤔,$baba maybe this week down next week up,0.0
2020-01-24,218.4900054931641,219.8300018310547,211.3249969482422,213.75,210.9147491455078,18143900,100306.0,BABA,$BABA deliveries are going to drop. Very sad 😞,$baba deliveries are going to drop very sad,-0.6697
2020-01-27,201.22000122070312,208.0200042724609,199.5,205.47000122070312,202.74456787109372,24574700,,,,,
2020-01-28,209.7400054931641,210.91000366210935,207.1699981689453,210.22999572753903,207.44143676757807,16196700,100325.0,BABA,"$BABA hey 👋 I’m still here no fear, life’s about winning and losing can never win if you don’t lose.  Love a  pop of the 🎈 at open.",$baba hey  im still here no fear lifes about winning and losing can never win if you dont lose  love a  pop of the  at open,-0.8308
2020-01-28,209.7400054931641,210.91000366210935,207.1699981689453,210.22999572753903,207.44143676757807,16196700,100326.0,BABA,$BABA maybe I should have taken my put profits and ran 🤷🏻‍♂️,$baba maybe i should have taken my put profits and ran,0.4404
2020-01-28,209.7400054931641,210.91000366210935,207.1699981689453,210.22999572753903,207.44143676757807,16196700,100327.0,BABA,$BABA by puts get rich by the end of week 😀,$baba by puts get rich by the end of week,0.5574
2020-01-28,209.7400054931641,210.91000366210935,207.1699981689453,210.22999572753903,207.44143676757807,16196700,100342.0,BABA,"$BABA if we reclaim support tomorrow on strength I’m covering some of my hedges. No regrets over them, kept me more calm and sleep better. Looks like I may make up all my losses anyways with my calls 👍 back to the top we go",$baba if we reclaim support tomorrow on strength im covering some of my hedges no regrets over them kept me more calm and sleep better looks like i may make up all my losses anyways with my calls  back to the top we go,0.807
2020-01-29,212.55999755859372,213.97999572753903,209.5200042724609,212.0200042724609,209.20770263671875,12871900,100355.0,BABA,$BABA will smash earnings again like always 🤑,$baba will smash earnings again like always,0.3612
2020-01-30,207.8800048828125,209.8600006103516,205.02999877929688,208.5800018310547,205.81332397460935,14376000,100400.0,BABA,$BABA just buy calls out months. Not days. You complain about losing money on weekly lottos but who’s fault is that? Do research. Every outbreak has s&p way up 6 months from now. So buy out months and you will be rolling in 💰,$baba just buy calls out months not days you complain about losing money on weekly lottos but whos fault is that do research every outbreak has sp way up 6 months from now so buy out months and you will be rolling in,-0.5852
2020-01-30,207.8800048828125,209.8600006103516,205.02999877929688,208.5800018310547,205.81332397460935,14376000,100408.0,BABA,$BABA WHO: this is an emergency 🚨🚨🚨,$baba who this is an emergency,-0.3818
2020-01-31,206.5,207.92999267578125,204.72799682617188,206.58999633789065,203.84971618652344,18181400,100444.0,BABA,"$BABA die AH, you would drop 5% on Monday anyway as soon as the China markets open 🤑🤑🤑🤑🤑",$baba die ah you would drop 5 on monday anyway as soon as the china markets open,-0.7184
2020-01-31,206.5,207.92999267578125,204.72799682617188,206.58999633789065,203.84971618652344,18181400,100447.0,BABA,$BABA so there’s actually 90k people sick in China?? 😷,$baba so theres actually 90k people sick in china,-0.5106
2020-02-03,208.6699981689453,215.0200042724609,208.6699981689453,213.1000061035156,210.27337646484372,14118800,,,,,
2020-02-04,221.3500061035156,224.3800048828125,220.4900054931641,222.8800048828125,219.92364501953125,16695100,,,,,
2020-02-05,226.5200042724609,226.6999969482422,217.5399932861328,220.22000122070312,217.2989196777344,15766100,,,,,
2020-02-06,223.1300048828125,223.6499938964844,219.77999877929688,220.8999938964844,217.9698944091797,10790800,,,,,
2020-02-07,217.4600067138672,217.83999633789065,214.8800048828125,216.52999877929688,213.65786743164065,13790300,,,,,
2020-02-10,213.5,215.7700042724609,212.1999969482422,215.7700042724609,212.907958984375,17420300,,,,,
2020-02-11,219.91000366210935,220.00999450683597,215.2899932861328,217.2100067138672,214.328857421875,16073500,,,,,
2020-02-12,221.1300048828125,225.5200042724609,220.2100067138672,224.30999755859372,221.3346710205078,18671900,100709.0,BABA,"$BABA one would expect this to slam down one more time. Just because. 👀 
SL raids for more shares .......","$baba one would expect this to slam down one more time just because  
sl raids for more shares",-0.0276
2020-02-12,221.1300048828125,225.5200042724609,220.2100067138672,224.30999755859372,221.3346710205078,18671900,100713.0,BABA,$BABA I guess WHO said a WHOle lot of nothing cuz the markets doing just beautiful 👍,$baba i guess who said a whole lot of nothing cuz the markets doing just beautiful,0.5994
2020-02-13,220.0,225.0,218.9900054931641,220.3600006103516,217.43707275390625,28069700,100742.0,BABA,$BABA Come on you piece of 💩.,$baba come on you piece of,0.0
2020-02-13,220.0,225.0,218.9900054931641,220.3600006103516,217.43707275390625,28069700,100748.0,BABA,"$BABA dont make me loose ,,, keep feeding go up,,🤒🚀🚀🚀",$baba dont make me loose  keep feeding go up,0.2411
2020-02-14,221.1000061035156,221.63999938964844,218.22999572753903,219.6300048828125,216.7167510986328,10690000,,,,,
2020-02-18,218.5500030517578,220.8500061035156,217.50999450683597,220.5200042724609,217.59495544433597,12987000,100792.0,BABA,$BABA here comes the beginning of the true post ER run🤞🏻🤞🏻🤞🏻😬,$baba here comes the beginning of the true post er run,0.4215
2020-02-18,218.5500030517578,220.8500061035156,217.50999450683597,220.5200042724609,217.59495544433597,12987000,109099.0,BABA,$BABA still holding my 2/21 calls from pre er😩,$baba still holding my 221 calls from pre er,0.0
2020-02-19,221.5200042724609,223.55999755859372,220.75,222.13999938964844,219.1934509277344,10798100,100810.0,BABA,$BABA 🎶Don't stop until you get enough 🎶 #Holdingonstrong,$baba dont stop until you get enough  holdingonstrong,0.2235
2020-02-19,221.5200042724609,223.55999755859372,220.75,222.13999938964844,219.1934509277344,10798100,109102.0,BABA,"$BABA lmao, that doji. Upward we go! 🚀🚀🚀",$baba lmao that doji upward we go,0.5994
2020-02-20,222.5,222.5,214.22000122070312,218.0399932861328,215.1478271484375,14950100,,,,,
2020-02-21,217.5399932861328,217.6000061035156,211.55999755859372,212.58999633789065,209.77012634277344,17681200,,,,,
2020-02-24,203.5500030517578,207.27999877929688,202.50999450683597,206.16000366210935,203.4254302978516,19380200,,,,,
2020-02-25,208.50999450683597,209.9499969482422,204.1000061035156,205.6100006103516,202.8827209472656,18132400,100880.0,BABA,$BABA someone went heavy into 250$ calls today 😂 I’m just scratching my head as to why,$baba someone went heavy into 250$ calls today  im just scratching my head as to why,0.0
2020-02-26,206.8000030517578,213.0800018310547,206.7899932861328,208.7400054931641,205.97120666503903,19482100,,,,,
2020-02-27,205.00999450683597,209.97000122070312,201.8600006103516,205.02999877929688,202.31040954589844,22741200,,,,,
2020-02-28,198.97999572753903,208.9199981689453,198.56100463867188,208.0,205.2410125732422,31251100,101028.0,BABA,"$BABA 👳‍♂️⚗️⚗️⚗️⚗️sell before open this is going down, I warned yesterday.",$baba sell before open this is going down i warned yesterday,-0.2732
2020-03-02,208.58999633789065,211.1100006103516,203.7559967041016,210.97999572753903,208.18148803710935,21542200,101099.0,BABA,"$BABA I’m currently about 30$ up on each AAPL share since Friday... so it’s jumped 30$ ...
Why baba is still sitting on a low ?!!! Even JD is up big... ( bought a few 43$ this week calls 😂)","$baba im currently about 30$ up on each aapl share since friday so its jumped 30$ 
why baba is still sitting on a low  even jd is up big  bought a few 43$ this week calls",0.0258
2020-03-02,208.58999633789065,211.1100006103516,203.7559967041016,210.97999572753903,208.18148803710935,21542200,101109.0,BABA,Please trading GOD let $BABA sooooaaarrrr high to touch the sky & beyond tomorrow🙏🏻 it’s about time🙏🏻🤑🚀💰💚,please trading god let $baba sooooaaarrrr high to touch the sky  beyond tomorrow its about time,0.5267
2020-03-03,211.0800018310547,211.38999938964844,202.2400054931641,207.41000366210935,204.65884399414065,20813800,108133.0,BABA,"$BABA Corona virus will hit the revenue, market starting down wave now get out before you lose all your money 🔻🚫",$baba corona virus will hit the revenue market starting down wave now get out before you lose all your money,-0.4019
2020-03-04,209.4900054931641,212.6999969482422,208.8500061035156,211.9600067138672,209.14849853515625,12474400,101187.0,BABA,$BABA should change to BABY. Now come back to daddy? Daddy waiting for you down here. I see you red by Midday🤑🤑🤑,$baba should change to baby now come back to daddy daddy waiting for you down here i see you red by midday,0.0
2020-03-05,210.0,215.1499938964844,209.13999938964844,211.4600067138672,208.65512084960935,13462900,108147.0,BABA,$BABA baba is still weathering this storm. 💪🏼,$baba baba is still weathering this storm,0.0
2020-03-06,206.6999969482422,207.0,201.1000061035156,204.63999938964844,201.9255828857422,21700500,101274.0,BABA,"$BABA Corona virus will hit the revenue so bad,
Just sell before you lose all your money 🔻🚫
Thanks for your attention ™️","$baba corona virus will hit the revenue so bad
just sell before you lose all your money 
thanks for your attention",-0.6476
2020-03-06,206.6999969482422,207.0,201.1000061035156,204.63999938964844,201.9255828857422,21700500,101284.0,BABA,$BABA 👳‍♂️⚗️⚗️⚗️⚗️⚗️will continue to drop next week🐻.🤔.,$baba will continue to drop next week,-0.2732
2020-03-06,206.6999969482422,207.0,201.1000061035156,204.63999938964844,201.9255828857422,21700500,109164.0,BABA,"$BABA if you bought yesterday, you are XXX. if you bought today, you are XXXer!!! Judging from the charts, we are likely to see bigger declines next week and possibly 7 days of bear run. 🐮 = 🍔",$baba if you bought yesterday you are xxx if you bought today you are xxxer judging from the charts we are likely to see bigger declines next week and possibly 7 days of bear run,0.0
2020-03-09,195.6199951171875,199.88999938964844,193.92999267578125,197.66000366210935,195.0381774902344,25502600,,,,,
2020-03-10,205.52999877929688,207.4499969482422,200.8000030517578,206.38999938964844,203.65237426757807,19022600,101323.0,BABA,"$BABA Corona virus will hit the revenue so bad news will announce soon, be notified that, the market starting down wave now get out ™️🔻🚫",$baba corona virus will hit the revenue so bad news will announce soon be notified that the market starting down wave now get out,-0.6696
2020-03-10,205.52999877929688,207.4499969482422,200.8000030517578,206.38999938964844,203.65237426757807,19022600,101336.0,BABA,$BABA this could be epic.. for stocks and my paychecks 😂,$baba this could be epic for stocks and my paychecks,0.0
2020-03-10,205.52999877929688,207.4499969482422,200.8000030517578,206.38999938964844,203.65237426757807,19022600,108159.0,BABA,"$BABA Sold again, not time to get back to $203 🤑",$baba sold again not time to get back to $203,0.0
2020-03-11,201.6499938964844,203.1000061035156,196.1100006103516,198.91000366210935,196.27159118652344,18908200,101373.0,BABA,"$BABA come on, lets baby, climb your way up up up so I can push you down the hill again. Fun isn’t it? And we can play until mid April before we change our game😄",$baba come on lets baby climb your way up up up so i can push you down the hill again fun isnt it and we can play until mid april before we change our game,0.6908
2020-03-12,186.5,190.48699951171875,183.92999267578125,185.1000061035156,182.644775390625,30247100,,,,,
2020-03-13,194.8999938964844,195.9900054931641,187.80999755859372,194.0,191.4267120361328,23650500,101467.0,BABA,"$BABA Corona virus will hit the revenue so bad news will announce soon 🔻🚫
Get out now before you lose all your money..
this is the last chance ⛔","$baba corona virus will hit the revenue so bad news will announce soon 
get out now before you lose all your money
this is the last chance",-0.7344
2020-03-13,194.8999938964844,195.9900054931641,187.80999755859372,194.0,191.4267120361328,23650500,109193.0,BABA,$BABA short squeeze Monday baby thanks to liquidity injections 😂🤣,$baba short squeeze monday baby thanks to liquidity injections,0.4404
2020-03-16,176.14999389648438,188.0,174.5,178.85000610351562,176.47767639160156,26628500,,,,,
2020-03-17,181.25999450683597,189.38999938964844,179.69000244140625,184.80999755859372,182.35861206054688,19276500,,,,,
2020-03-18,176.0,182.41000366210935,170.0,180.0,177.61241149902344,22054200,101663.0,BABA,$BABA come baba. Lets move up just a little more🤑🤑,$baba come baba lets move up just a little more,0.0
2020-03-19,179.25999450683594,187.25,177.38999938964844,180.8800048828125,178.48074340820312,20905700,101726.0,BABA,"$BABA who is holding this stock overnight and be able to sleep? 🙋‍♂️ short shares waiting for Black Friday and also Black Monday, then a green Tuesday.",$baba who is holding this stock overnight and be able to sleep  short shares waiting for black friday and also black monday then a green tuesday,0.296
2020-03-20,187.7400054931641,188.3000030517578,180.0,181.3000030517578,178.89517211914062,21006100,,,,,
2020-03-23,175.27000427246094,178.5,169.9499969482422,176.33999633789062,174.00096130371094,22554700,,,,,
2020-03-24,183.08999633789065,188.8000030517578,181.17999267578125,185.75,183.28614807128903,20801500,101844.0,BABA,$BABA Tarts bought today and hold over night 😏 Look for dump on the news and massive dump from Softbank starting as early as next week and people rushing toward the exit,$baba tarts bought today and hold over night  look for dump on the news and massive dump from softbank starting as early as next week and people rushing toward the exit,-0.6369
2020-03-25,185.82000732421875,195.19000244140625,184.51499938964844,188.55999755859372,186.05886840820312,19605200,101942.0,BABA,$BABA  looks like BABA wants to come back 😍😍,$baba  looks like baba wants to come back,0.3612
2020-03-26,188.63999938964844,196.32000732421875,187.6000061035156,195.32000732421875,192.72921752929688,15416800,101967.0,BABA,"$BABA Tariff issues under control, COVID 19 being contained, its time for the sleeping dragon to awake
GO BABA 🚀","$baba tariff issues under control covid 19 being contained its time for the sleeping dragon to awake
go baba",0.0
2020-03-26,188.63999938964844,196.32000732421875,187.6000061035156,195.32000732421875,192.72921752929688,15416800,102008.0,BABA,$BABA Moody’s says Alibaba is an A1. So do I. 🚀,$baba moodys says alibaba is an a1 so do i,0.0
2020-03-27,189.97000122070312,192.7400054931641,188.0,188.58999633789065,186.0884704589844,13376400,109247.0,BABA,$BABA something great will happen soon 🔓🔜🚀,$baba something great will happen soon,0.6249
2020-03-30,187.47999572753903,191.47999572753903,187.00999450683597,191.2700042724609,188.73292541503903,12254400,,,,,
2020-03-31,192.0,196.7899932861328,190.6000061035156,194.47999572753903,191.9003448486328,19084800,102148.0,BABA,$BABA GREAT NEWS ! 10% stack In Chinese courier company! Let’s go 🤯🤯🤯,$baba great news  10 stack in chinese courier company lets go,0.6249
2020-03-31,192.0,196.7899932861328,190.6000061035156,194.47999572753903,191.9003448486328,19084800,109253.0,BABA,$BABA Tact. Thou protest to much 🐻,$baba tact thou protest to much,-0.25
2020-04-01,189.5,192.8699951171875,185.0399932861328,187.55999755859372,185.07212829589844,17948600,,,,,
2020-04-02,186.0800018310547,191.3000030517578,185.69200134277344,188.8999938964844,186.3943634033203,13412100,,,,,
2020-04-03,190.1199951171875,190.5500030517578,185.41000366210935,187.1100006103516,184.62811279296875,9483100,,,,,
2020-04-06,194.7400054931641,196.8800048828125,192.6999969482422,196.4499969482422,193.84420776367188,13248700,,,,,
2020-04-07,200.0500030517578,201.4499969482422,197.0500030517578,198.0,195.3736572265625,14934500,,,,,
2020-04-08,198.33999633789065,198.8600006103516,193.88400268554688,195.97999572753903,193.3804473876953,13608000,,,,,
2020-04-09,198.6499938964844,200.3500061035156,193.3999938964844,196.3699951171875,193.7652740478516,17821300,,,,,
2020-04-13,197.3999938964844,200.3249969482422,195.52999877929688,199.44000244140625,196.7945556640625,16117900,,,,,
2020-04-14,204.9499969482422,207.97000122070312,204.25,204.77999877929688,202.063720703125,16757100,,,,,
2020-04-15,204.7700042724609,209.1499938964844,201.30999755859372,208.1699981689453,205.40875244140625,10768100,,,,,
2020-04-16,210.52999877929688,213.25,209.1199951171875,212.66000366210935,209.83920288085935,16353800,,,,,
2020-04-17,214.97999572753903,214.97999572753903,208.8509979248047,209.5,206.7211151123047,13558500,108293.0,BABA,"$BABA 210 back test and then rip higher, wow, strong 💪",$baba 210 back test and then rip higher wow strong,0.7964
2020-04-20,209.8699951171875,216.1000061035156,209.3600006103516,212.1300048828125,209.3162384033203,19295400,,,,,
2020-04-21,209.8999938964844,212.1300048828125,205.02999877929688,207.33999633789065,204.5897674560547,14107600,,,,,
2020-04-22,212.0,212.0,209.2100067138672,209.9600067138672,207.17501831054688,13471100,,,,,
2020-04-23,210.2400054931641,210.55999755859372,203.4600067138672,205.2400054931641,202.5176239013672,20424000,102488.0,BABA,$BABA why would anyone own China stocks right now? Also my 200$ puts were up 55% today 😄,$baba why would anyone own china stocks right now also my 200$ puts were up 55 today,0.0
2020-04-24,205.88999938964844,206.5,202.82000732421875,204.3600006103516,201.6492919921875,14673900,,,,,
2020-04-27,207.5500030517578,207.77999877929688,202.02999877929688,203.69000244140625,200.9881896972656,17286800,,,,,
2020-04-28,204.80999755859372,205.19000244140625,199.4069976806641,201.1499938964844,198.48187255859372,17203800,,,,,
2020-04-29,202.92999267578125,207.0800018310547,202.50999450683597,206.6999969482422,203.958251953125,19117800,102541.0,BABA,$BABA I'm short at 205⏳💰 easy money🤑,$baba im short at 205 easy money,0.4404
2020-04-30,206.25,206.6999969482422,199.2899932861328,202.6699981689453,199.9817047119141,20107400,102630.0,BABA,"$BABA Buy puts tomorrow. I’m going with the tide.  Not looking good

I hate be a bear 🐻.","$baba buy puts tomorrow im going with the tide  not looking good

i hate be a bear",0.1511
2020-05-01,195.75,197.3800048828125,192.8600006103516,194.47999572753903,191.9003448486328,22276200,102652.0,BABA,$BABA   C’mon ...down below 195$ 😉,$baba   cmon down below 195$,0.0
2020-05-04,194.75999450683597,195.0,189.52999877929688,191.1499938964844,188.6145172119141,25709400,,,,,
2020-05-05,196.3800048828125,198.2700042724609,194.1999969482422,195.0200042724609,192.4331817626953,22957200,,,,,
2020-05-06,197.6699981689453,198.91000366210935,194.92999267578125,195.1699981689453,192.5811920166016,18598900,102788.0,BABA,"$BABA if open above 195. We will see 200 again tomorrow. If not, maybe more down 😁😁🐉 please wake up Dragon 🐉",$baba if open above 195 we will see 200 again tomorrow if not maybe more down  please wake up dragon,0.3774
2020-05-06,197.6699981689453,198.91000366210935,194.92999267578125,195.1699981689453,192.5811920166016,18598900,102795.0,BABA,"$BABA Yesterday was green. Pre-market is green at 197. BABA bought 50% stakes of Singapore skyscraper. Earning is coming next week. And, Bears keep yelling low 190, and low 180. Does it even make sense? 🤔😒🤣",$baba yesterday was green premarket is green at 197 baba bought 50 stakes of singapore skyscraper earning is coming next week and bears keep yelling low 190 and low 180 does it even make sense,-0.4939
2020-05-07,198.0,198.08999633789065,194.77999877929688,196.4900054931641,193.8836975097656,16164600,102826.0,BABA,$BABA on angrybirds  Catapult...250+ after earnings 😉,$baba on angrybirds  catapult250 after earnings,0.0
2020-05-07,198.0,198.08999633789065,194.77999877929688,196.4900054931641,193.8836975097656,16164600,102845.0,BABA,$BABA going to $300 at 🐌 pace thi,$baba going to $300 at  pace thi,0.0
2020-05-07,198.0,198.08999633789065,194.77999877929688,196.4900054931641,193.8836975097656,16164600,108351.0,BABA,"$BABA holding 195 , will move to 202
Nice long setup 🧘🏼‍♂️🚀🚀","$baba holding 195  will move to 202
nice long setup",0.4215
2020-05-07,198.0,198.08999633789065,194.77999877929688,196.4900054931641,193.8836975097656,16164600,109357.0,BABA,$BABA few wks ago. Bought at $215. What an idiot. Then went to $180 and still struggling 😞,$baba few wks ago bought at $215 what an idiot then went to $180 and still struggling,-0.7269
2020-05-08,199.8000030517578,203.0200042724609,198.67999267578125,201.19000244140625,198.52134704589844,23819700,,,,,
2020-05-11,202.77999877929688,206.63999938964844,202.3800048828125,205.3999938964844,202.6754913330078,17920700,,,,,
2020-05-12,206.9499969482422,208.0500030517578,200.0200042724609,200.30999755859372,197.65301513671875,17826800,102878.0,BABA,$BABA Short got burned 🤣 Never go against the biggest Chinese company since it's still undervalued. Price target: $220 near term. $250 by July.,$baba short got burned  never go against the biggest chinese company since its still undervalued price target $220 near term $250 by july,0.0
2020-05-12,206.9499969482422,208.0500030517578,200.0200042724609,200.30999755859372,197.65301513671875,17826800,102882.0,BABA,$BABA still holding 2200 shares strong 😎😎,$baba still holding 2200 shares strong,0.6705
2020-05-12,206.9499969482422,208.0500030517578,200.0200042724609,200.30999755859372,197.65301513671875,17826800,102883.0,BABA,$BABA will scale in for a ER run up! GL longs 💞,$baba will scale in for a er run up gl longs,0.3182
2020-05-13,203.6199951171875,204.67999267578125,197.97999572753903,199.4600067138672,196.81430053710935,22429700,102919.0,BABA,$BABA 5/15 200 Puts should hold or sell 😃?,$baba 515 200 puts should hold or sell,0.0
2020-05-14,195.5,201.7700042724609,194.02999877929688,201.3000030517578,198.6298828125,20025900,,,,,
2020-05-15,200.6999969482422,204.4900054931641,200.1000061035156,203.67999267578125,200.97830200195312,17209500,102973.0,BABA,$BABA is going to be on cloud ☁️ someday,$baba is going to be on cloud  someday,0.0
2020-05-18,212.5,215.47000122070312,210.3699951171875,215.27999877929688,212.4244537353516,23556600,,,,,
2020-05-19,216.72999572753903,220.58999633789065,215.19000244140625,217.1999969482422,214.3189849853516,21438100,103009.0,BABA,$BABA sold my 210 calls and brough 225 instead. Lower my risk and taking profits. Great run expecting more still. 💪,$baba sold my 210 calls and brough 225 instead lower my risk and taking profits great run expecting more still,0.5719
2020-05-19,216.72999572753903,220.58999633789065,215.19000244140625,217.1999969482422,214.3189849853516,21438100,103011.0,BABA,$BABA it deserves 300 👏  they have done hardwork 💪,$baba it deserves 300   they have done hardwork,0.0
2020-05-19,216.72999572753903,220.58999633789065,215.19000244140625,217.1999969482422,214.3189849853516,21438100,109373.0,BABA,$BABA This baby is rising again❤️❤️,$baba this baby is rising again,0.0
2020-05-20,220.0,221.1569976806641,210.5800018310547,216.7899932861328,213.91441345214844,38324100,103023.0,BABA,$BABA Green light sabers baby...GAGA 4 BABA!!! 🚀🚀🚀,$baba green light sabers babygaga 4 baba,0.0
2020-05-20,220.0,221.1569976806641,210.5800018310547,216.7899932861328,213.91441345214844,38324100,103026.0,BABA,$BABA thank you shorts for the extra shares👍🏽,$baba thank you shorts for the extra shares,0.5719
2020-05-20,220.0,221.1569976806641,210.5800018310547,216.7899932861328,213.91441345214844,38324100,103027.0,BABA,$BABA people on here are funny spouting any reason to take a company down.  See the news comes out and everyone flee  yet if you read it carefully it states exactly what is going to happen to delist ... could take years. Let’s focus on earnings 😉,$baba people on here are funny spouting any reason to take a company down  see the news comes out and everyone flee  yet if you read it carefully it states exactly what is going to happen to delist  could take years lets focus on earnings,0.5267
2020-05-21,211.2899932861328,214.5800018310547,209.52999877929688,212.16000366210935,209.3458404541016,29850700,109375.0,BABA,$BABA puts on this on every bounce 😌,$baba puts on this on every bounce,0.0
2020-05-22,203.22999572753903,204.8800048828125,198.9900054931641,199.6999969482422,197.0511016845703,51979300,103046.0,BABA,"$BABA 

Nice drop this morning. I said it bull trap for those who had calls since yesterday. 
🤭🤭","$baba 

nice drop this morning i said it bull trap for those who had calls since yesterday",-0.1531
2020-05-22,203.22999572753903,204.8800048828125,198.9900054931641,199.6999969482422,197.0511016845703,51979300,103048.0,BABA,$BABA Asian markets burning 🥵 tonight! Hang Seng Down now 1247,$baba asian markets burning  tonight hang seng down now 1247,0.0
2020-05-22,203.22999572753903,204.8800048828125,198.9900054931641,199.6999969482422,197.0511016845703,51979300,103050.0,BABA,$BABA lol inflated untrustworthy earnings here have never moved the stock price 😂😂😂,$baba lol inflated untrustworthy earnings here have never moved the stock price,0.4215
2020-05-22,203.22999572753903,204.8800048828125,198.9900054931641,199.6999969482422,197.0511016845703,51979300,103056.0,BABA,$BABA correction on earnings its 1 BILILION dollars in losses for the quarter not million🙄🙄,$baba correction on earnings its 1 bililion dollars in losses for the quarter not million,-0.4019
2020-05-22,203.22999572753903,204.8800048828125,198.9900054931641,199.6999969482422,197.0511016845703,51979300,103057.0,BABA,$BABA official out of this! Trump has done ✅ his job!,$baba official out of this trump has done  his job,0.0
2020-05-22,203.22999572753903,204.8800048828125,198.9900054931641,199.6999969482422,197.0511016845703,51979300,103061.0,BABA,$BABA Gotta flow with the trend. Solid short today 💪🏾.,$baba gotta flow with the trend solid short today,0.1531
2020-05-26,205.94000244140625,206.8000030517578,201.0,201.72000122070312,199.0443115234375,28683200,,,,,
2020-05-27,202.9900054931641,202.9900054931641,196.75,201.17999267578125,198.511474609375,23605400,103094.0,BABA,"$BABA you’re right, maybe I should leave BABA alone, I’ll pick on JD next time 😂, 10k Posts and never touched the Bear tag, Short or Put never as I do well my own way, GL, I’ll be back at $188 to say I told you so",$baba youre right maybe i should leave baba alone ill pick on jd next time  10k posts and never touched the bear tag short or put never as i do well my own way gl ill be back at $188 to say i told you so,-0.7441
2020-05-27,202.9900054931641,202.9900054931641,196.75,201.17999267578125,198.511474609375,23605400,108379.0,BABA,"$BABA Really hope this closes green, then the bounce off the trend line will be confirmed and out of the way. No reason to sell my calls when they’re already worthless 🙄",$baba really hope this closes green then the bounce off the trend line will be confirmed and out of the way no reason to sell my calls when theyre already worthless,-0.228
2020-05-28,199.0,202.3699951171875,197.6199951171875,199.4900054931641,196.84390258789065,18763200,108382.0,BABA,"$BABA - tomorrow is 9 sale sequential, so market will top tomorrow or Monday!⚠️",$baba  tomorrow is 9 sale sequential so market will top tomorrow or monday,0.2648
2020-05-29,200.0,207.8800048828125,196.6999969482422,207.38999938964844,204.63909912109372,43179500,103110.0,BABA,"$BABA why the f#ck is this going up? is any one thinking orange is going to be anything less than brutal to good ol China? I dont get it, I was expecting my short to be juicy by now 🙄🙄",$baba why the fck is this going up is any one thinking orange is going to be anything less than brutal to good ol china i dont get it i was expecting my short to be juicy by now,-0.2315
2020-05-29,200.0,207.8800048828125,196.6999969482422,207.38999938964844,204.63909912109372,43179500,103114.0,BABA,$BABA Sherry stoped posting on BABA board 😂 wait till we have a red day. 😆,$baba sherry stoped posting on baba board  wait till we have a red day,0.0
2020-06-01,205.8999938964844,207.1999969482422,203.94000244140625,206.57000732421875,203.8299865722656,16169700,,,,,
2020-06-02,207.2100067138672,214.57000732421875,207.1699981689453,214.3300018310547,211.48704528808597,22485800,103140.0,BABA,$BABA where’s the bears HAHAHAHA calls baby calls call me maybe 🤢🤑,$baba wheres the bears hahahaha calls baby calls call me maybe,0.0
2020-06-02,207.2100067138672,214.57000732421875,207.1699981689453,214.3300018310547,211.48704528808597,22485800,103148.0,BABA,$BABA You gotta love the dip in Baba. Still holding 10 calls. This is my sixth week holding. Ain’t easy but we Baba bulls are getting stronger and stronger.🚀,$baba you gotta love the dip in baba still holding 10 calls this is my sixth week holding aint easy but we baba bulls are getting stronger and stronger,0.827
2020-06-03,215.6000061035156,218.97000122070312,213.75,218.6100006103516,215.7102813720703,19999500,103155.0,BABA,$BABA sold 3/4 position here at 2.75 from .60 entries. My avg was .90 though due to betting on ER 🤦‍♂️,$baba sold 34 position here at 275 from 60 entries my avg was 90 though due to betting on er,0.0
2020-06-03,215.6000061035156,218.97000122070312,213.75,218.6100006103516,215.7102813720703,19999500,103156.0,BABA,"$BABA congrats fellow bulls. Quick 500% gain on June 19 210 calls, caught them at 200$ each now worth 1k💰",$baba congrats fellow bulls quick 500 gain on june 19 210 calls caught them at 200$ each now worth 1k,0.8271
2020-06-04,217.27999877929688,220.0,216.32000732421875,218.0399932861328,215.1478271484375,14962400,,,,,
2020-06-05,220.0,220.58999633789065,218.6999969482422,219.5500030517578,216.6378173828125,11983200,,,,,
2020-06-08,219.6000061035156,220.3999938964844,215.3300018310547,219.0,216.09510803222656,12731200,,,,,
2020-06-09,216.30999755859372,220.72000122070312,216.1999969482422,220.72000122070312,217.79229736328125,14140100,,,,,
2020-06-10,222.0,225.0,220.6000061035156,223.67999267578125,220.7130279541016,13372400,,,,,
2020-06-11,218.0,219.9499969482422,213.55999755859372,215.2400054931641,212.38497924804688,15560300,103268.0,BABA,"$BABA glad to have this dip to buy some Oct calls. Sold mine for a 30% profit days ago, now re-entered 🤑",$baba glad to have this dip to buy some oct calls sold mine for a 30 profit days ago now reentered,0.7096
2020-06-11,218.0,219.9499969482422,213.55999755859372,215.2400054931641,212.38497924804688,15560300,103272.0,BABA,$BABA Alibaba dip is the best dip. I said it before. I’m gonna say it again 🚀,$baba alibaba dip is the best dip i said it before im gonna say it again,0.6369
2020-06-11,218.0,219.9499969482422,213.55999755859372,215.2400054931641,212.38497924804688,15560300,103274.0,BABA,"$BABA Bears 🐻 start cheering everytime they see even a little red. Live it up bears, this won’t last for long 😴. 📈📈📈📈",$baba bears  start cheering everytime they see even a little red live it up bears this wont last for long,0.5106
2020-06-11,218.0,219.9499969482422,213.55999755859372,215.2400054931641,212.38497924804688,15560300,103297.0,BABA,$BABA MORE MONEY PLEASE!!! Thanks BABA💰💰💰,$baba more money please thanks baba,0.6948
2020-06-12,218.5,219.5,213.8800048828125,217.63999938964844,214.75314331054688,12716500,,,,,
2020-06-15,214.1100006103516,217.72000122070312,212.75,217.02999877929688,214.15122985839844,17419900,,,,,
2020-06-16,221.0,224.83999633789065,220.1000061035156,222.6199951171875,219.6670837402344,17212400,,,,,
2020-06-17,224.3999938964844,225.0,222.5,224.25,221.2754669189453,12486700,,,,,
2020-06-18,223.7400054931641,226.02999877929688,222.9199981689453,223.5399932861328,220.5748748779297,10358800,,,,,
2020-06-19,226.3800048828125,226.5,220.08999633789065,220.63999938964844,217.71334838867188,19545200,,,,,
2020-06-22,220.9199981689453,222.0800018310547,219.44500732421875,221.41000366210935,218.47314453125,13303600,,,,,
2020-06-23,225.1199951171875,230.2250061035156,224.52999877929688,228.75,225.7157745361328,18263400,,,,,
2020-06-24,228.3000030517578,231.02999877929688,224.2519989013672,226.22000122070312,223.21934509277344,12159500,,,,,
2020-06-25,224.58999633789065,224.69000244140625,220.8699951171875,222.16000366210935,219.21319580078125,14953100,103496.0,BABA,$BABA the big short here under $200 in two weeks.📉🔪,$baba the big short here under $200 in two weeks,0.0
2020-06-25,224.58999633789065,224.69000244140625,220.8699951171875,222.16000366210935,219.21319580078125,14953100,103498.0,BABA,$BABA CEO departure will take this to $160 🤭🤭🤪,$baba ceo departure will take this to $160,0.0
2020-06-26,222.2100067138672,222.25999450683597,213.5,215.7100067138672,212.8487548828125,19340600,,,,,
2020-06-29,215.02999877929688,216.5,211.82000732421875,215.0200042724609,212.16790771484372,12333000,,,,,
2020-06-30,215.7400054931641,216.42999267578125,212.88999938964844,215.6999969482422,212.83888244628903,12933800,,,,,
2020-07-01,215.80999755859372,216.5500030517578,214.7400054931641,215.9499969482422,213.08555603027344,11788100,,,,,
2020-07-02,221.8500061035156,225.0249938964844,220.05999755859372,223.6000061035156,220.63409423828125,18128700,103622.0,BABA,$BABA Guess what? You guys missed the dip again. I’m gonna day it again. Alibaba dip is the best dip 🔥😁,$baba guess what you guys missed the dip again im gonna day it again alibaba dip is the best dip,0.4588
2020-07-06,233.30999755859372,240.47999572753903,232.82000732421875,240.0,236.81655883789065,33702900,103639.0,BABA,$BABA has been waaay behind other big tech for a looong time. Maybe it’s finally gonna catch up?? Think I’ll buy some more calls tomorrow. 🤷🏼‍♂️,$baba has been waaay behind other big tech for a looong time maybe its finally gonna catch up think ill buy some more calls tomorrow,-0.4215
2020-07-07,241.00999450683597,241.3000030517578,236.1300048828125,236.50999450683597,233.3728485107422,16491600,,,,,
2020-07-08,244.8600006103516,258.489990234375,244.0200042724609,257.67999267578125,254.2620391845703,39922700,103685.0,BABA,$BABA $270 shorts 🩳 still are daf yes,$baba $270 shorts  still are daf yes,0.4019
2020-07-09,265.54998779296875,268.0,255.91000366210935,261.5799865722656,258.1102905273437,36803900,103693.0,BABA,$BABA 400+ by September! Huge earnings beat will be next catalyst! Been churning way too long! The sleeping giant has awoken! GL 😎,$baba 400 by september huge earnings beat will be next catalyst been churning way too long the sleeping giant has awoken gl,0.5574
2020-07-09,265.54998779296875,268.0,255.91000366210935,261.5799865722656,258.1102905273437,36803900,103702.0,BABA,$BABA of course i buy the dip......it dips again 😂😂😂😂,$baba of course i buy the dipit dips again,0.0
2020-07-09,265.54998779296875,268.0,255.91000366210935,261.5799865722656,258.1102905273437,36803900,103716.0,BABA,$BABA 🏃‍♂️💨 280 Potential by next week 300 potential within next 2 months wouldn't doubt  it if its earlier with this market.,$baba  280 potential by next week 300 potential within next 2 months wouldnt doubt  it if its earlier with this market,0.2755
2020-07-10,260.2099914550781,261.8999938964844,255.7100067138672,261.010009765625,257.5478820800781,20335000,103725.0,BABA,$BABA Bears trying to do everything they can to delay the inevitable...Alibaba 300 soon 🚀🚀🚀,$baba bears trying to do everything they can to delay the inevitablealibaba 300 soon,-0.3182
2020-07-13,261.45001220703125,265.6600036621094,250.67999267578125,251.6699981689453,248.33175659179688,21568700,,,,,
2020-07-14,246.57000732421875,249.75,241.22999572753903,248.5800018310547,245.28274536132807,19782600,109475.0,BABA,$BABA wow my puts racking in!!!! at 100% ! 💟💟💟,$baba wow my puts racking in at 100,0.5859
2020-07-15,251.47999572753903,252.5,246.5399932861328,249.2100067138672,245.9043884277344,12614700,103846.0,BABA,$BABA This will double in 12 months 🤫 💸 💹💵💵💸💸,$baba this will double in 12 months,0.0
2020-07-16,241.7700042724609,245.0500030517578,240.7400054931641,242.5,239.28338623046875,18032100,103848.0,BABA,"$BABA    Split last year, us was NOT affected! Sorry! I still LOVE Baba! 😀",$baba    split last year us was not affected sorry i still love baba,0.7065
2020-07-16,241.7700042724609,245.0500030517578,240.7400054931641,242.5,239.28338623046875,18032100,109483.0,BABA,$BABA my puts went up 100% 😁👌🏽,$baba my puts went up 100,0.0
2020-07-17,246.5500030517578,247.92999267578125,244.47999572753903,247.13999938964844,243.86184692382807,18742400,,,,,
2020-07-20,256.45001220703125,257.6700134277344,252.42999267578125,254.80999755859372,251.4300994873047,19015000,,,,,
2020-07-21,261.2099914550781,261.9200134277344,256.5199890136719,257.8999938964844,254.47911071777344,17120700,,,,,
2020-07-22,255.75999450683597,256.2699890136719,249.6000061035156,251.6999969482422,248.36135864257807,19682200,,,,,
2020-07-23,252.1000061035156,257.6600036621094,248.69000244140625,251.8800048828125,248.5389709472656,25712000,,,,,
2020-07-24,244.9600067138672,249.47999572753903,241.88999938964844,249.0,245.6971740722656,17221500,,,,,
2020-07-27,247.1100006103516,252.8699951171875,245.80999755859372,250.8600006103516,247.53250122070312,18966900,,,,,
2020-07-28,251.1499938964844,251.6499938964844,248.52999877929688,249.0500030517578,245.74652099609372,9878700,,,,,
2020-07-29,250.33999633789065,254.3000030517578,250.1000061035156,252.4499969482422,249.10140991210935,11493600,,,,,
2020-07-30,251.6999969482422,253.8600006103516,249.6199951171875,252.7400054931641,249.3875732421875,7032900,,,,,
2020-07-31,254.1999969482422,254.3999938964844,248.1000061035156,251.0200042724609,247.6903839111328,12304100,,,,,
2020-08-03,254.0200042724609,260.6499938964844,254.0,257.94000244140625,254.5186004638672,11530300,,,,,
2020-08-04,260.0799865722656,262.5599975585937,258.82000732421875,262.20001220703125,258.7221069335937,10994500,104243.0,BABA,$BABA trump is quiet 🤫 on alibaba earnings this time ...he knows he xannot stop the storm now 🌀 😳,$baba trump is quiet  on alibaba earnings this time he knows he xannot stop the storm now,-0.296
2020-08-05,263.739990234375,265.9760131835937,261.7550048828125,264.9100036621094,261.3961486816406,10673800,,,,,
2020-08-06,263.4200134277344,265.70001220703125,259.20001220703125,265.67999267578125,262.1559143066406,10359500,,,,,
2020-08-07,257.4100036621094,257.760009765625,247.57000732421875,252.1000061035156,248.7560577392578,22529600,104306.0,BABA,"$BABA Lmaoo everyone mad at trump because they own baba. I’m weak
😂",$baba lmaoo everyone mad at trump because they own baba im weak,-0.7269
2020-08-10,249.33999633789065,251.75,246.1000061035156,248.1300048828125,244.83871459960935,13621700,,,,,
2020-08-11,251.2899932861328,252.8800048828125,247.8300018310547,248.4199981689453,245.12486267089844,10681800,,,,,
2020-08-12,249.25,256.0799865722656,248.67999267578125,255.19000244140625,251.80506896972656,11112300,,,,,
2020-08-13,256.3900146484375,256.9700012207031,252.8800048828125,253.72000122070312,250.3545684814453,8794500,,,,,
2020-08-14,255.4900054931641,255.7700042724609,251.63999938964844,253.97000122070312,250.60125732421875,7876400,104445.0,BABA,$BABA done with this 🗑 stock. F*ck Trump.,$baba done with this  stock fck trump,0.0
2020-08-14,255.4900054931641,255.7700042724609,251.63999938964844,253.97000122070312,250.60125732421875,7876400,108558.0,BABA,$BABA 300c for ER play 🙌🏻,$baba 300c for er play,0.34
2020-08-17,253.0,257.375,250.0850067138672,256.9599914550781,253.55157470703125,9760000,,,,,
2020-08-18,258.7099914550781,261.4200134277344,256.0599975585937,259.20001220703125,255.7618865966797,13267800,,,,,
2020-08-19,260.8900146484375,261.2900085449219,257.3800048828125,260.5899963378906,257.1334228515625,14096500,104520.0,BABA,"$BABA nice pullback ahead of ER, just what i like to see 🚀",$baba nice pullback ahead of er just what i like to see,0.6486
2020-08-19,260.8900146484375,261.2900085449219,257.3800048828125,260.5899963378906,257.1334228515625,14096500,104532.0,BABA,$BABA earnings are expected above $13 per share — google it 🚀,$baba earnings are expected above $13 per share  google it,0.296
2020-08-19,260.8900146484375,261.2900085449219,257.3800048828125,260.5899963378906,257.1334228515625,14096500,104533.0,BABA,"$BABA if this acts like JD and gets a 8% push up from earnings, ill die of happiness no cap 🧢",$baba if this acts like jd and gets a 8 push up from earnings ill die of happiness no cap,-0.4215
2020-08-20,256.8900146484375,258.8800048828125,254.17999267578125,257.9700012207031,254.54818725585935,21460800,104548.0,BABA,$BABA see you at $275 in the AM. 😁🙌,$baba see you at $275 in the am,0.0
2020-08-20,256.8900146484375,258.8800048828125,254.17999267578125,257.9700012207031,254.54818725585935,21460800,104550.0,BABA,"$BABA 

Ladies & Gents, please put on your seatbelt for this Earning Report!
#TeamBABA
#SeeYouAt1Keventually
🎉🍾🍰","$baba 

ladies  gents please put on your seatbelt for this earning report
teambaba
seeyouat1keventually",0.3182
2020-08-20,256.8900146484375,258.8800048828125,254.17999267578125,257.9700012207031,254.54818725585935,21460800,104552.0,BABA,$BABA what a move down to trigger some stop losses. No guidance was even announced yet. Wait till then and we about to 🚀,$baba what a move down to trigger some stop losses no guidance was even announced yet wait till then and we about to,-0.7269
2020-08-20,256.8900146484375,258.8800048828125,254.17999267578125,257.9700012207031,254.54818725585935,21460800,104554.0,BABA,$BABA i just need it to reach 265 so my 8/28 call is ITM. Is that much to ask?🤞,$baba i just need it to reach 265 so my 828 call is itm is that much to ask,0.0258
2020-08-20,256.8900146484375,258.8800048828125,254.17999267578125,257.9700012207031,254.54818725585935,21460800,104556.0,BABA,$BABA will be green by the end of the day 🥱. Been here 4 years and it’s how baba trades. It’s the next coming days when you see the earnings reflect the stock price,$baba will be green by the end of the day  been here 4 years and its how baba trades its the next coming days when you see the earnings reflect the stock price,0.0
2020-08-20,256.8900146484375,258.8800048828125,254.17999267578125,257.9700012207031,254.54818725585935,21460800,104567.0,BABA,$BABA this looks like a battle 🚀,$baba this looks like a battle,-0.0258
2020-08-20,256.8900146484375,258.8800048828125,254.17999267578125,257.9700012207031,254.54818725585935,21460800,108573.0,BABA,$BABA thanks for buying my premium 😂,$baba thanks for buying my premium,0.4404
2020-08-21,259.0299987792969,267.42999267578125,258.3099975585937,265.79998779296875,262.2743225097656,25648200,,,,,
2020-08-24,273.239990234375,276.9700012207031,271.6199951171875,276.0199890136719,272.3587646484375,22475800,108591.0,BABA,$BABA where are my investors holding 4 years strong throughout all the noise 🙋🏻‍♂️,$baba where are my investors holding 4 years strong throughout all the noise,0.5106
2020-08-25,278.0599975585937,289.1199951171875,276.0400085449219,286.0,282.2063903808594,27535500,,,,,
2020-08-26,289.260009765625,292.4800109863281,284.1000061035156,291.9599914550781,288.0873413085937,19530300,104753.0,BABA,$BABA oh no I’m so scared 😱,$baba oh no im so scared,-0.659
2020-08-26,289.260009765625,292.4800109863281,284.1000061035156,291.9599914550781,288.0873413085937,19530300,104772.0,BABA,"$BABA makes me so proud 😭😭
Not done yet","$baba makes me so proud 
not done yet",0.6113
2020-08-27,290.1700134277344,290.25,282.1000061035156,284.1700134277344,280.40069580078125,14805800,104793.0,BABA,$BABA EL TORO SAYS now we rise too many catalysts too much money. UNDERVALUED too long 🥳,$baba el toro says now we rise too many catalysts too much money undervalued too long,0.0
2020-08-27,290.1700134277344,290.25,282.1000061035156,284.1700134277344,280.40069580078125,14805800,104825.0,BABA,$BABA *Clears throat* at that guy who talked so much 😂,$baba clears throat at that guy who talked so much,0.0772
2020-08-28,285.0899963378906,289.5,283.57000732421875,289.0,285.1665954589844,9681500,,,,,
2020-08-31,288.6199951171875,289.19000244140625,283.6099853515625,287.0299987792969,283.22271728515625,13253800,,,,,
2020-09-01,289.20001220703125,298.0,288.8699951171875,298.0,294.0472106933594,13797100,105022.0,BABA,$BABA $2000 someday? What u think? When? Any bets? 😍,$baba $2000 someday what u think when any bets,0.0
2020-09-02,299.0,299.0,289.7900085449219,296.07000732421875,292.142822265625,12638600,,,,,
2020-09-03,289.0,290.7330017089844,278.1600036621094,282.5,278.7528076171875,16766200,,,,,
2020-09-04,279.6000061035156,283.7799987792969,267.3900146484375,281.3900146484375,277.6575622558594,15885800,,,,,
2020-09-08,270.2300109863281,273.9700012207031,266.5899963378906,270.0199890136719,266.4383544921875,12734000,105406.0,BABA,"$BABA I think it will touch 250 next week, then i will buy for long 🚀",$baba i think it will touch 250 next week then i will buy for long,0.0
2020-09-09,274.45001220703125,275.6400146484375,270.8800048828125,273.1499938964844,269.5268249511719,9465700,,,,,
2020-09-10,274.8999938964844,277.1000061035156,267.3999938964844,267.54998779296875,264.0010986328125,10676800,109694.0,BABA,$BABA Oppenheimer PT $323 your  little brother is coming ANT 🐜 Financial 🤠,$baba oppenheimer pt $323 your  little brother is coming ant  financial,0.0
2020-09-11,272.6300048828125,274.5299987792969,268.1199951171875,271.6099853515625,268.0072631835937,9412800,,,,,
2020-09-14,275.3599853515625,276.2900085449219,271.760009765625,274.1000061035156,270.4642333984375,7883300,,,,,
2020-09-15,278.0,279.1000061035156,274.79998779296875,277.9599914550781,274.2730407714844,8291400,,,,,
2020-09-16,281.0299987792969,283.6050109863281,278.0,278.1400146484375,274.4506530761719,9583500,,,,,
2020-09-17,273.1099853515625,275.8999938964844,272.3210144042969,275.7200012207031,272.062744140625,8016900,,,,,
2020-09-18,275.9800109863281,277.2699890136719,270.54998779296875,272.4100036621094,268.7966613769531,11753500,,,,,
2020-09-21,269.1000061035156,274.2200012207031,266.3999938964844,273.82000732421875,270.1879577636719,9076400,,,,,
2020-09-22,276.0199890136719,276.32000732421875,270.04998779296875,275.2900085449219,271.6384582519531,9673300,105947.0,BABA,$BABA added some December 300 calls 😎,$baba added some december 300 calls,0.0
2020-09-23,275.3999938964844,277.8299865722656,271.5,272.95001220703125,269.3294982910156,7353200,,,,,
2020-09-24,267.92999267578125,271.25,267.3340148925781,269.7300109863281,266.1522216796875,9562100,106154.0,BABA,$BABA 👋 bye bye. You got about 3 weeks of dumping until a small bounce for earnings. Cheers!,$baba  bye bye you got about 3 weeks of dumping until a small bounce for earnings cheers,0.2023
2020-09-25,267.57000732421875,271.8099975585937,264.5599975585937,271.0899963378906,267.4941711425781,11466600,,,,,
2020-09-28,275.5299987792969,278.8399963378906,274.1990051269531,276.010009765625,272.3489074707031,8761700,,,,,
2020-09-29,275.42999267578125,279.29998779296875,274.8999938964844,276.92999267578125,273.2566833496094,7673300,,,,,
2020-09-30,284.010009765625,295.0,283.7099914550781,293.9800109863281,290.08056640625,24777700,106261.0,BABA,$BABA Mooning! Can we see $295? ❤️,$baba mooning can we see $295,0.0
2020-09-30,284.010009765625,295.0,283.7099914550781,293.9800109863281,290.08056640625,24777700,106265.0,BABA,$BABA making baba moves! When it moves it moves to the next Level.. not coming back 🚀🚀,$baba making baba moves when it moves it moves to the next level not coming back,0.0
2020-10-01,295.260009765625,295.5899963378906,288.25,290.04998779296875,286.2026672363281,16304000,106279.0,BABA,$BABA - Creating new high this week 🚀,$baba  creating new high this week,0.296
2020-10-02,286.6199951171875,291.97900390625,286.510009765625,288.1700134277344,284.3476257324219,11482800,,,,,
2020-10-05,289.0599975585937,290.0,284.8800048828125,288.2699890136719,284.4462585449219,17876400,,,,,
2020-10-06,287.4100036621094,296.8399963378906,286.9100036621094,292.3900146484375,288.5116577148437,15860400,,,,,
2020-10-07,297.989990234375,299.510009765625,292.8699951171875,296.5,292.5671081542969,16669300,106392.0,BABA,$BABA Please don’t kid yourselves because baba is a ⬇️⬇️⬇️⬇️⬇️⬇️⬇️. Stay long or be wrong!,$baba please dont kid yourselves because baba is a  stay long or be wrong,-0.2023
2020-10-07,297.989990234375,299.510009765625,292.8699951171875,296.5,292.5671081542969,16669300,106395.0,BABA,$BABA Double bottom. This is going up $$$ 🔥 299 Pivot point,$baba double bottom this is going up $$$  299 pivot point,0.0
2020-10-07,297.989990234375,299.510009765625,292.8699951171875,296.5,292.5671081542969,16669300,106402.0,BABA,$BABA let’s go baby 🚀🚀🚀🚀🚀 been a rollercoAster ride today with baba.,$baba lets go baby  been a rollercoaster ride today with baba,0.0
2020-10-08,298.1099853515625,302.29998779296875,295.4410095214844,300.5400085449219,296.55352783203125,15105800,106418.0,BABA,$BABA i think ant ipo date is about to get published anytime 😊,$baba i think ant ipo date is about to get published anytime,0.0
2020-10-09,298.54998779296875,302.6099853515625,297.739990234375,299.739990234375,295.7641296386719,11442200,,,,,
2020-10-12,303.95001220703125,309.6400146484375,301.2850036621094,306.3399963378906,302.2765808105469,14780100,,,,,
2020-10-13,306.3599853515625,310.010009765625,303.0299987792969,308.7799987792969,304.6842346191406,10898500,,,,,
2020-10-14,309.0,309.9599914550781,300.79998779296875,301.0400085449219,297.0469055175781,15157800,106535.0,BABA,$BABA  GET ON THE MONEY TRAIN  NOW B4 TAKE OFF🚄🚄🚄🚄🚄🚄🚄🚄🚄🚅🚅🚅🚅🚅🚅🚅🚅🚅🚝🚝🚝🚝🚝🚝🚝🚝🚉🚉🚉🚉🚉🚉🚉🚎🚎🚎🚎🚎🚎🚎🚍🚍🚍🚍🚍🚍,$baba  get on the money train  now b4 take off,0.0
2020-10-14,309.0,309.9599914550781,300.79998779296875,301.0400085449219,297.0469055175781,15157800,106541.0,BABA,"$BABA When your in the elementary school car pool line .... but need to take care of your people, trade, and round up the kids! hahaha Just DUMP it 🎤🎤☮️",$baba when your in the elementary school car pool line  but need to take care of your people trade and round up the kids hahaha just dump it,0.7783
2020-10-14,309.0,309.9599914550781,300.79998779296875,301.0400085449219,297.0469055175781,15157800,108812.0,BABA,$BABA Oct. 16th 297.5 puts 🤑🤑,$baba oct 16th 2975 puts,0.0
2020-10-15,293.79998779296875,299.8630065917969,292.6099853515625,299.4599914550781,295.48785400390625,9709900,,,,,
2020-10-16,303.989990234375,310.0,302.95001220703125,307.3099975585937,303.2337341308594,12338000,,,,,
2020-10-19,309.8900146484375,313.8099975585937,303.4100036621094,305.2900085449219,301.24053955078125,14107300,,,,,
2020-10-20,307.6000061035156,311.79998779296875,307.0599975585937,309.8099975585937,305.7005615234375,8806100,,,,,
2020-10-21,311.75,314.0,307.70001220703125,307.9700012207031,303.8849792480469,11139700,,,,,
2020-10-22,311.4599914550781,311.8500061035156,304.2099914550781,306.2799987792969,302.2173767089844,8008400,,,,,
2020-10-23,307.2699890136719,310.3299865722656,304.0599975585937,309.9200134277344,305.8091125488281,6231400,,,,,
2020-10-26,309.9200134277344,315.4599914550781,303.20001220703125,306.8699951171875,302.799560546875,9350100,,,,,
2020-10-27,307.75,319.32000732421875,305.6099853515625,317.1400146484375,312.933349609375,13175900,,,,,
2020-10-28,313.5,313.5,306.0,307.94000244140625,303.8553771972656,13644500,,,,,
2020-10-29,309.44000244140625,315.5799865722656,308.9100036621094,312.5599975585937,308.4140930175781,11174500,,,,,
2020-10-30,308.54998779296875,310.8299865722656,300.19000244140625,304.69000244140625,300.64849853515625,14918500,,,,,
2020-11-02,310.95001220703125,311.44000244140625,305.3900146484375,310.8399963378906,306.7168884277344,11857600,,,,,
2020-11-03,286.20001220703125,294.2799987792969,280.7799987792969,285.57000732421875,281.7821044921875,58132500,106805.0,BABA,"$BABA started small entry level position with this pullback. This is a hold forever long for me. To be honest would love to see it dip more to load up selfishly, cheers 🍻",$baba started small entry level position with this pullback this is a hold forever long for me to be honest would love to see it dip more to load up selfishly cheers,0.8481
2020-11-03,286.20001220703125,294.2799987792969,280.7799987792969,285.57000732421875,281.7821044921875,58132500,106806.0,BABA,$BABA c’mon baby hit that limit sell 🤑,$baba cmon baby hit that limit sell,0.0
2020-11-03,286.20001220703125,294.2799987792969,280.7799987792969,285.57000732421875,281.7821044921875,58132500,106807.0,BABA,$BABA Dude in Here earlier buying puts literally deleted his post. I was about to screenshoot it and make a big deal out of it... but it’s gone 😐,$baba dude in here earlier buying puts literally deleted his post i was about to screenshoot it and make a big deal out of it but its gone,0.0
2020-11-03,286.20001220703125,294.2799987792969,280.7799987792969,285.57000732421875,281.7821044921875,58132500,106808.0,BABA,$BABA just looking to pair losses now 😣,$baba just looking to pair losses now,-0.4019
2020-11-03,286.20001220703125,294.2799987792969,280.7799987792969,285.57000732421875,281.7821044921875,58132500,108852.0,BABA,$BABA nice power play by CCP 🤡👌,$baba nice power play by ccp,0.6369
2020-11-04,287.7900085449219,299.1700134277344,285.29998779296875,295.7099914550781,291.78759765625,28791200,,,,,
2020-11-05,289.0899963378906,291.25,279.6000061035156,287.75,283.93316650390625,50065200,106828.0,BABA,"$BABA  🎉 Chi is dancing on the ceiling. But, dude you still got tariffs 💰 :) 
pay-up thx u Mr T.","$baba   chi is dancing on the ceiling but dude you still got tariffs   
payup thx u mr t",0.5023
2020-11-05,289.0899963378906,291.25,279.6000061035156,287.75,283.93316650390625,50065200,106830.0,BABA,$BABA lmao my price target is 900$ soooo yeah 284$ is very good 🤪,$baba lmao my price target is 900$ soooo yeah 284$ is very good,0.8516
2020-11-05,289.0899963378906,291.25,279.6000061035156,287.75,283.93316650390625,50065200,106831.0,BABA,$BABA Cathie wood sold Tesla to buy baba 😎🚀,$baba cathie wood sold tesla to buy baba,0.0
2020-11-05,289.0899963378906,291.25,279.6000061035156,287.75,283.93316650390625,50065200,106832.0,BABA,"$BABA I’m stacking this today folks.

Buy when fools sell 💰","$baba im stacking this today folks

buy when fools sell",-0.4939
2020-11-05,289.0899963378906,291.25,279.6000061035156,287.75,283.93316650390625,50065200,106833.0,BABA,"$BABA Back to $300! Let’s go, let me recover from that drop 😬",$baba back to $300 lets go let me recover from that drop,-0.2732
2020-11-05,289.0899963378906,291.25,279.6000061035156,287.75,283.93316650390625,50065200,106834.0,BABA,$BABA it wants the 290’s so bad doesn’t it. 🚀🚀🚀,$baba it wants the 290s so bad doesnt it,-0.6696
2020-11-05,289.0899963378906,291.25,279.6000061035156,287.75,283.93316650390625,50065200,106835.0,BABA,$BABA 288 break and super tank mode! 📉,$baba 288 break and super tank mode,0.5994
2020-11-05,289.0899963378906,291.25,279.6000061035156,287.75,283.93316650390625,50065200,108857.0,BABA,"$BABA earnings today, worth taking a risk! 🥃😉",$baba earnings today worth taking a risk,-0.0516
2020-11-05,289.0899963378906,291.25,279.6000061035156,287.75,283.93316650390625,50065200,109867.0,BABA,"$BABA 

Got in at the low today.👍","$baba 

got in at the low today",-0.2732
2020-11-06,291.489990234375,300.8900146484375,289.7860107421875,299.95001220703125,295.97137451171875,25259600,,,,,
2020-11-09,303.7699890136719,304.0,290.5,290.5299987792969,286.6763000488281,22559900,106863.0,BABA,$BABA 290 end of day for sure 🤯🤯,$baba 290 end of day for sure,0.3182
2020-11-10,279.9700012207031,280.0,264.3299865722656,266.5400085449219,263.0045166015625,61064000,106878.0,BABA,$BABA getting hammered!! Glad I SOLD all my shares Friday... Losing all my earnings at the craps table in Vegas still felt better than losing them this way! 😂😂,$baba getting hammered glad i sold all my shares friday losing all my earnings at the craps table in vegas still felt better than losing them this way,0.4404
2020-11-11,261.9200134277344,271.9200134277344,261.2049865722656,265.6499938964844,262.1263122558594,41699000,106900.0,BABA,$BABA bUt iTs tHE AmAzoN of china... 🤣🤣,$baba but its the amazon of china,0.2617
2020-11-11,261.9200134277344,271.9200134277344,261.2049865722656,265.6499938964844,262.1263122558594,41699000,106901.0,BABA,$BABA You guys bought the dip too early🤪💪🚀👍😁,$baba you guys bought the dip too early,0.0
2020-11-11,261.9200134277344,271.9200134277344,261.2049865722656,265.6499938964844,262.1263122558594,41699000,109875.0,BABA,"$BABA Break of 260, she wants to go to 250, get ready for some juicy juice, and let’s get some Peking 🦆 and 🥠 for you.",$baba break of 260 she wants to go to 250 get ready for some juicy juice and lets get some peking  and  for you,0.3612
2020-11-12,271.0400085449219,271.20001220703125,263.0400085449219,264.3099975585937,260.8041076660156,27119100,106925.0,BABA,"$BABA that's right get comfortable 🙌 
Until the Regime steps in and takes half","$baba thats right get comfortable  
until the regime steps in and takes half",0.5106
2020-11-12,271.0400085449219,271.20001220703125,263.0400085449219,264.3099975585937,260.8041076660156,27119100,106932.0,BABA,$BABA  all these buy experts in the thread 😆 obviously pumpers,$baba  all these buy experts in the thread  obviously pumpers,0.0
2020-11-13,264.7200012207031,265.44000244140625,257.1700134277344,260.8399963378906,257.380126953125,33942800,106966.0,BABA,$BABA is Jack Ma liquidating his shares?  😆😆😆,$baba is jack ma liquidating his shares,0.296
2020-11-13,264.7200012207031,265.44000244140625,257.1700134277344,260.8399963378906,257.380126953125,33942800,106967.0,BABA,$BABA longs played themselves staying long after Xi stopped 🐜 IPO,$baba longs played themselves staying long after xi stopped  ipo,0.128
2020-11-13,264.7200012207031,265.44000244140625,257.1700134277344,260.8399963378906,257.380126953125,33942800,106968.0,BABA,$BABA waiting for 139 breakdown target for the 🚙 up.,$baba waiting for 139 breakdown target for the  up,0.0
2020-11-13,264.7200012207031,265.44000244140625,257.1700134277344,260.8399963378906,257.380126953125,33942800,109881.0,BABA,$BABA let's go back to 220 next week 👍🏽,$baba lets go back to 220 next week,0.0
2020-11-16,260.4200134277344,262.57000732421875,257.0299987792969,258.3099975585937,254.88368225097656,20864200,106985.0,BABA,$BABA Short this 🐷. Looking for $235 to test the moving average,$baba short this  looking for $235 to test the moving average,0.0
2020-11-16,260.4200134277344,262.57000732421875,257.0299987792969,258.3099975585937,254.88368225097656,20864200,106987.0,BABA,$BABA Seriously everyone right now including me. 😂,$baba seriously everyone right now including me,-0.1779
2020-11-17,260.2799987792969,260.2799987792969,256.5400085449219,256.79998779296875,253.39370727539065,19739500,107020.0,BABA,$BABA premiums are getting burned like rocket 🚀,$baba premiums are getting burned like rocket,0.3612
2020-11-17,260.2799987792969,260.2799987792969,256.5400085449219,256.79998779296875,253.39370727539065,19739500,108878.0,BABA,$BABA lol where were these fake bears last week?😂😂👏👏👏Now they suddenly all appear,$baba lol where were these fake bears last weeknow they suddenly all appear,-0.0772
2020-11-18,257.760009765625,258.3099975585937,252.5500030517578,255.8300018310547,252.43658447265625,28307100,107052.0,BABA,$BABA Just did that math... I’m fucked.🤡  Why the f did I buy more at $270. I deserve to lose.,$baba just did that math im fucked  why the f did i buy more at $270 i deserve to lose,-0.7964
2020-11-18,257.760009765625,258.3099975585937,252.5500030517578,255.8300018310547,252.43658447265625,28307100,107055.0,BABA,$BABA you know its about to flip around when you see this many bears and uncertain ppl👏👏👏👏 just need to kill some more bulls and it'll shoot up. Friday perhaps?🤓,$baba you know its about to flip around when you see this many bears and uncertain ppl just need to kill some more bulls and itll shoot up friday perhaps,-0.8519
2020-11-18,257.760009765625,258.3099975585937,252.5500030517578,255.8300018310547,252.43658447265625,28307100,107076.0,BABA,$BABA people just love this Chinese exposed security 🤷🏻‍♂️,$baba people just love this chinese exposed security,0.743
2020-11-19,255.0,261.3999938964844,253.55999755859372,259.8900146484375,256.4427490234375,20752800,107118.0,BABA,$BABA Some greens on a Green Day😉🤑,$baba some greens on a green day,0.0
2020-11-20,263.9700012207031,272.3699951171875,261.8999938964844,270.739990234375,267.1488037109375,34178400,107119.0,BABA,$BABA possibly go to check 230 but then will fly to 340🚀🚀,$baba possibly go to check 230 but then will fly to 340,0.0
2020-11-20,263.9700012207031,272.3699951171875,261.8999938964844,270.739990234375,267.1488037109375,34178400,107120.0,BABA,$BABA if its continued this way we might see 270 close tomorrow.. I wish 🙂,$baba if its continued this way we might see 270 close tomorrow i wish,0.4019
2020-11-20,263.9700012207031,272.3699951171875,261.8999938964844,270.739990234375,267.1488037109375,34178400,107122.0,BABA,"$BABA that future last night must of shook a lot of weak MF hands out,let’s ride 🤪🦾",$baba that future last night must of shook a lot of weak mf hands outlets ride,-0.5106
2020-11-20,263.9700012207031,272.3699951171875,261.8999938964844,270.739990234375,267.1488037109375,34178400,107126.0,BABA,$BABA if we have a strong day today this could open up much higher on Monday. You may want to get in now if your not already ... 🤔,$baba if we have a strong day today this could open up much higher on monday you may want to get in now if your not already,0.5574
2020-11-20,263.9700012207031,272.3699951171875,261.8999938964844,270.739990234375,267.1488037109375,34178400,107129.0,BABA,$BABA 400 by summer 2021 seems reasonable 🧐,$baba 400 by summer 2021 seems reasonable,0.0
2020-11-20,263.9700012207031,272.3699951171875,261.8999938964844,270.739990234375,267.1488037109375,34178400,107131.0,BABA,$BABA my 2/19/21 260s are blowing up! 🍾🍾🍾🙏🏽,$baba my 21921 260s are blowing up,0.0
2020-11-20,263.9700012207031,272.3699951171875,261.8999938964844,270.739990234375,267.1488037109375,34178400,107142.0,BABA,$BABA anyone else see that spike to $275😏,$baba anyone else see that spike to $275,0.0
2020-11-23,274.75,275.7300109863281,266.4110107421875,270.1099853515625,266.52716064453125,25317100,,,,,
2020-11-24,276.2349853515625,280.6099853515625,272.79998779296875,279.9599914550781,276.2464904785156,20660500,,,,,
2020-11-25,275.70001220703125,279.3299865722656,274.04998779296875,277.7200012207031,274.0362243652344,15229300,107193.0,BABA,"$BABA the best at the market, put ur sit belt guys we going to the moon🚀",$baba the best at the market put ur sit belt guys we going to the moon,0.6369
2020-11-25,275.70001220703125,279.3299865722656,274.04998779296875,277.7200012207031,274.0362243652344,15229300,107194.0,BABA,"$BABA I am a simple guy. I see baba dip, I buy 🤡👌",$baba i am a simple guy i see baba dip i buy,0.0
2020-11-25,275.70001220703125,279.3299865722656,274.04998779296875,277.7200012207031,274.0362243652344,15229300,107211.0,BABA,$BABA everyone so mad this is up 10% in the last week from the lows chill 😂😂😂,$baba everyone so mad this is up 10 in the last week from the lows chill,-0.711
2020-11-27,278.79998779296875,278.9200134277344,275.6659851074219,276.4800109863281,272.81268310546875,9583200,,,,,
2020-11-30,268.9700012207031,268.9700012207031,262.5199890136719,263.3599853515625,259.86669921875,30476100,,,,,
2020-12-01,265.4700012207031,265.6700134277344,261.57000732421875,264.010009765625,260.5080871582031,14573100,,,,,
2020-12-02,262.0,263.1000061035156,260.1099853515625,261.32000732421875,257.853759765625,13919700,109922.0,BABA,$BABA check for a bounce around $259 💰,$baba check for a bounce around $259,0.0
2020-12-03,263.7799987792969,268.6000061035156,263.1400146484375,266.9100036621094,263.36962890625,15520500,107317.0,BABA,"$BABA so many bulls, explains that low put to call ratio. Have fun. 🙃",$baba so many bulls explains that low put to call ratio have fun,0.296
2020-12-04,271.0199890136719,271.29998779296875,266.2699890136719,267.25,263.7051086425781,15527600,107352.0,BABA,$BABA when you realize most produces on Amazon and eBay are Alibaba sourced >>>> and that it’s right around holiday season 👨🏻‍🚀🚀,$baba when you realize most produces on amazon and ebay are alibaba sourced  and that its right around holiday season,0.5667
2020-12-04,271.0199890136719,271.29998779296875,266.2699890136719,267.25,263.7051086425781,15527600,107359.0,BABA,"$BABA ALL WE NEED IS ONE GOOD NEWS AND U WILL SEE THE AMAZON OF ASIA IS BOOM 💥 
I learned but when everyone is dumping","$baba all we need is one good news and u will see the amazon of asia is boom  
i learned but when everyone is dumping",-0.1655
2020-12-07,265.70001220703125,265.9700012207031,262.6000061035156,264.0,260.4981994628906,11388700,,,,,
2020-12-08,265.20001220703125,268.3999938964844,263.8699951171875,266.0899963378906,262.5604858398437,9447700,107447.0,BABA,"$BABA 
Someone is starting the machine😃🔥","$baba 
someone is starting the machine",0.0
2020-12-09,267.5599975585937,267.9100036621094,263.1000061035156,263.79998779296875,260.30084228515625,9060700,107461.0,BABA,$BABA Just broke out of a wedge 😳 Could be a big move coming,$baba just broke out of a wedge  could be a big move coming,-0.4215
2020-12-10,261.989990234375,266.0899963378906,261.20001220703125,264.8699951171875,261.3566589355469,10290300,,,,,
2020-12-11,264.2900085449219,265.32000732421875,262.5,264.5400085449219,261.03106689453125,7771300,,,,,
2020-12-14,260.32000732421875,260.8550109863281,256.0299987792969,256.0299987792969,252.6339263916016,18369900,109956.0,BABA,$BABA gif bless Baba and it’s investors. Wake up Jack! You need to learn politics along with business 😃,$baba gif bless baba and its investors wake up jack you need to learn politics along with business,0.4215
2020-12-15,255.33999633789065,255.67999267578125,252.3000030517578,255.1100006103516,251.72613525390625,16595600,107658.0,BABA,$BABA 🤑🤑🤑how are the bulls doing?,$baba how are the bulls doing,0.0
2020-12-16,257.739990234375,263.17999267578125,257.0400085449219,261.8900146484375,258.41619873046875,15804800,,,,,
2020-12-17,264.70001220703125,264.8500061035156,260.20001220703125,264.42999267578125,260.9224853515625,14306600,107709.0,BABA,$BABA Dip Buy now we have everyone fasten your seat belt and $280 inbound. 🚂 💨,$baba dip buy now we have everyone fasten your seat belt and $280 inbound,0.0
2020-12-17,264.70001220703125,264.8500061035156,260.20001220703125,264.42999267578125,260.9224853515625,14306600,108957.0,BABA,Who’s got two thumbs and called the bottom as it was happening? This guy 👐🏼 $BABA banked over 200% now on calls 💰🤑,whos got two thumbs and called the bottom as it was happening this guy  $baba banked over 200 now on calls,0.0
2020-12-18,263.8999938964844,264.8999938964844,259.20001220703125,260.0,256.55126953125,15981800,,,,,
2020-12-21,255.1699981689453,260.4599914550781,254.5,260.42999267578125,256.9755554199219,10901800,,,,,
2020-12-22,257.8699951171875,258.3399963378906,255.41000366210935,255.8300018310547,252.43658447265625,11468400,107804.0,BABA,$BABA 🚨🚨BUYALERT🚨🚨 I think that the bottom has slowly been reached here.,$baba buyalert i think that the bottom has slowly been reached here,0.1027
2020-12-22,257.8699951171875,258.3399963378906,255.41000366210935,255.8300018310547,252.43658447265625,11468400,107825.0,BABA,$BABA time to double down. ! 🤘,$baba time to double down,0.0
2020-12-22,257.8699951171875,258.3399963378906,255.41000366210935,255.8300018310547,252.43658447265625,11468400,107833.0,BABA,$BABA bounce at 254/255 support 🧐 hopefully we’ll 🧗🏻‍♀️ from here🤑🙏🏻💚,$baba bounce at 254255 support  hopefully well  from here,0.7579
2020-12-22,257.8699951171875,258.3399963378906,255.41000366210935,255.8300018310547,252.43658447265625,11468400,109978.0,BABA,"$BABA for me is a long term hold but this reallly hurts knowing I coulda put my money in almost anything and it would be up 🤬

Long term well all be fine but sucks to wait lol","$baba for me is a long term hold but this reallly hurts knowing i coulda put my money in almost anything and it would be up 

long term well all be fine but sucks to wait lol",0.0387
2020-12-23,255.5,257.3500061035156,252.52999877929688,256.17999267578125,252.7819366455078,10729200,107855.0,BABA,$BABA I feel sorry for anyone longs above $290. Gap down after Gap down. I come back & check this trash to remind myself not to fall in love with a stock. And that I hate Chinese because they created Covid.  🤡,$baba i feel sorry for anyone longs above $290 gap down after gap down i come back  check this trash to remind myself not to fall in love with a stock and that i hate chinese because they created covid,0.296
2020-12-23,255.5,257.3500061035156,252.52999877929688,256.17999267578125,252.7819366455078,10729200,107859.0,BABA,$BABA ...most of the market is now turning green while this remains red. So much for the holiday rally. 🤷‍♂️,$baba most of the market is now turning green while this remains red so much for the holiday rally,0.4019
2020-12-24,228.2350006103516,229.8999938964844,211.22999572753903,222.0,219.0553131103516,141830000,107873.0,BABA,$BABA Santa gave you guys a 🎁 early. Ho Ho Ho 🎅,$baba santa gave you guys a  early ho ho ho,0.0
2020-12-24,228.2350006103516,229.8999938964844,211.22999572753903,222.0,219.0553131103516,141830000,107875.0,BABA,$BABA Holding 5 shares (😄) entered at 255 and won't panic sell at all,$baba holding 5 shares  entered at 255 and wont panic sell at all,0.5996
2020-12-24,228.2350006103516,229.8999938964844,211.22999572753903,222.0,219.0553131103516,141830000,107879.0,BABA,"$BABA lol if you’re trying to short TODAY...you missed the boat. This is still Ant Group, the most valuable fintech platform on earth catering to 1.4 billion people. I might just sell puts to y’all but don’t say I didn’t warn you  🤠",$baba lol if youre trying to short todayyou missed the boat this is still ant group the most valuable fintech platform on earth catering to 14 billion people i might just sell puts to yall but dont say i didnt warn you,0.2887
2020-12-24,228.2350006103516,229.8999938964844,211.22999572753903,222.0,219.0553131103516,141830000,107883.0,BABA,"$BABA CCP loves you 😉 cheap , they would not let you fail 🎅",$baba ccp loves you  cheap  they would not let you fail,0.7615
2020-12-24,228.2350006103516,229.8999938964844,211.22999572753903,222.0,219.0553131103516,141830000,107886.0,BABA,$BABA lost nearly 100billion in market cap overnight!? I’ll take a nibble 😀,$baba lost nearly 100billion in market cap overnight ill take a nibble,-0.6249
2020-12-24,228.2350006103516,229.8999938964844,211.22999572753903,222.0,219.0553131103516,141830000,107894.0,BABA,$BABA Looking at that gap this could easily rocket to $240 off only 10m volume 😂,$baba looking at that gap this could easily rocket to $240 off only 10m volume,0.34
2020-12-24,228.2350006103516,229.8999938964844,211.22999572753903,222.0,219.0553131103516,141830000,107896.0,BABA,$BABA all gaps get filled...today we filled that $216...the ride back to $250 will be beautiful 🙌🏻🤗,$baba all gaps get filledtoday we filled that $216the ride back to $250 will be beautiful,0.5994
2020-12-24,228.2350006103516,229.8999938964844,211.22999572753903,222.0,219.0553131103516,141830000,107897.0,BABA,"$BABA All in! Dark pool and open option flow, this is a gift! You think the new administration will be tough on China😏",$baba all in dark pool and open option flow this is a gift you think the new administration will be tough on china,0.34
2020-12-24,228.2350006103516,229.8999938964844,211.22999572753903,222.0,219.0553131103516,141830000,107899.0,BABA,"$BABA already hit trend support, now MOON 🚀",$baba already hit trend support now moon,0.4019
2020-12-24,228.2350006103516,229.8999938964844,211.22999572753903,222.0,219.0553131103516,141830000,107903.0,BABA,$BABA time to pack up and go home. It’s over boys😔,$baba time to pack up and go home its over boys,0.0
2020-12-24,228.2350006103516,229.8999938964844,211.22999572753903,222.0,219.0553131103516,141830000,108986.0,BABA,"$BABA love baba, I think we might see 190 as a better entry prior to 🚀",$baba love baba i think we might see 190 as a better entry prior to,0.7964
2020-12-24,228.2350006103516,229.8999938964844,211.22999572753903,222.0,219.0553131103516,141830000,108988.0,BABA,"$BABA smell something toasted.. calls it is, lol. I bought some anyway.🤣",$baba smell something toasted calls it is lol i bought some anyway,0.4215
2020-12-24,228.2350006103516,229.8999938964844,211.22999572753903,222.0,219.0553131103516,141830000,109986.0,BABA,$BABA people acting like they lucked up and cheated on the Mother Luckin earnings😂,$baba people acting like they lucked up and cheated on the mother luckin earnings,0.2732
2020-12-24,228.2350006103516,229.8999938964844,211.22999572753903,222.0,219.0553131103516,141830000,109987.0,BABA,$BABA Broke out of that downtrend. That 211 seems like it was the bottom📈,$baba broke out of that downtrend that 211 seems like it was the bottom,-0.0772
2020-12-28,216.8800048828125,224.9900054931641,215.32000732421875,222.3600006103516,219.41053771972656,73512100,107909.0,BABA,$BABA jackpot with this price added more🥳🥳🥳,$baba jackpot with this price added more,0.0
2020-12-28,216.8800048828125,224.9900054931641,215.32000732421875,222.3600006103516,219.41053771972656,73512100,107910.0,BABA,$BABA my 300c jan 15 @😂😂😂🤗🤗🤗🤗🙏🙏🙏🙏😂😂😂😭😭,$baba my 300c jan 15,0.0
2020-12-29,231.75999450683597,239.19000244140625,229.6000061035156,236.25999450683597,233.12615966796875,69715900,107913.0,BABA,"$BABA goodnight bears, better wake up early to close out your puts position 🥲",$baba goodnight bears better wake up early to close out your puts position,0.4404
2020-12-29,231.75999450683597,239.19000244140625,229.6000061035156,236.25999450683597,233.12615966796875,69715900,107914.0,BABA,$BABA Holding 5k worth of 1/8 232.50 calls🤠,$baba holding 5k worth of 18 23250 calls,0.2263
2020-12-29,231.75999450683597,239.19000244140625,229.6000061035156,236.25999450683597,233.12615966796875,69715900,107916.0,BABA,$BABA omg tomorrow will be fun 🤩🤩🤩🤩🤩,$baba omg tomorrow will be fun,0.5106
2020-12-29,231.75999450683597,239.19000244140625,229.6000061035156,236.25999450683597,233.12615966796875,69715900,107918.0,BABA,$BABA bears/shorters are f***** lmao bye bye. Cover asap 😂😂😂,$baba bearsshorters are f lmao bye bye cover asap,0.5994
2020-12-29,231.75999450683597,239.19000244140625,229.6000061035156,236.25999450683597,233.12615966796875,69715900,107920.0,BABA,$BABA bring the year end rally boyz 🤑,$baba bring the year end rally boyz,0.0
2020-12-29,231.75999450683597,239.19000244140625,229.6000061035156,236.25999450683597,233.12615966796875,69715900,107922.0,BABA,$BABA gap up to $250 by Friday??🚀💰💰💰,$baba gap up to $250 by friday,0.0
2020-12-29,231.75999450683597,239.19000244140625,229.6000061035156,236.25999450683597,233.12615966796875,69715900,107924.0,BABA,$BABA  Still more to come babies. make me great again America ☹️,$baba  still more to come babies make me great again america,0.6249
2020-12-29,231.75999450683597,239.19000244140625,229.6000061035156,236.25999450683597,233.12615966796875,69715900,107926.0,BABA,$BABA I knew selling my Intel shares yesterday and going into this was the right move 🤣,$baba i knew selling my intel shares yesterday and going into this was the right move,0.296
2020-12-29,231.75999450683597,239.19000244140625,229.6000061035156,236.25999450683597,233.12615966796875,69715900,107935.0,BABA,$BABA 70 stocks @230. 300$ easy in 1-2 months. 🚀🚀,$baba 70 stocks 230 300$ easy in 12 months,0.4404
2020-12-29,231.75999450683597,239.19000244140625,229.6000061035156,236.25999450683597,233.12615966796875,69715900,107942.0,BABA,"$BABA made some cash off calls, hoping for a small dip to get back in 😜",$baba made some cash off calls hoping for a small dip to get back in,0.4215
2020-12-29,231.75999450683597,239.19000244140625,229.6000061035156,236.25999450683597,233.12615966796875,69715900,108990.0,BABA,$BABA I bought my tickets to the moon. Did you? 🚀🚀🚀,$baba i bought my tickets to the moon did you,0.0
2020-12-29,231.75999450683597,239.19000244140625,229.6000061035156,236.25999450683597,233.12615966796875,69715900,109989.0,BABA,"$BABA bought a single $250 call for 1/8/21 yesterday.  Yep, I’m a real baller😂",$baba bought a single $250 call for 1821 yesterday  yep im a real baller,0.296
2020-12-29,231.75999450683597,239.19000244140625,229.6000061035156,236.25999450683597,233.12615966796875,69715900,109991.0,BABA,$BABA may go parabolic to my 2nd pt from here💸💸,$baba may go parabolic to my 2nd pt from here,0.0
2020-12-30,243.34800720214844,243.38999938964844,234.6450042724609,238.38999938964844,235.2279052734375,44812300,107943.0,BABA,$BABA $242 now. HK gonna close at $250+. We will take it to $260+ 🚀🚀🚀🚀,$baba $242 now hk gonna close at $250 we will take it to $260,0.0
2020-12-30,243.34800720214844,243.38999938964844,234.6450042724609,238.38999938964844,235.2279052734375,44812300,107945.0,BABA,$BABA gnite see you at 250 when I wake 🌟,$baba gnite see you at 250 when i wake,0.0
2020-12-30,243.34800720214844,243.38999938964844,234.6450042724609,238.38999938964844,235.2279052734375,44812300,107950.0,BABA,$BABA will come back!  Good bear try but willl end up a bear trap 🚀🔥,$baba will come back  good bear try but willl end up a bear trap,-0.25
2020-12-30,243.34800720214844,243.38999938964844,234.6450042724609,238.38999938964844,235.2279052734375,44812300,107953.0,BABA,$BABA all the people sleeping cuz they watched baba China all night are expecting to see this at $250 when they wake up 😂. I do hope so. But those people make me laugh.,$baba all the people sleeping cuz they watched baba china all night are expecting to see this at $250 when they wake up  i do hope so but those people make me laugh,0.7814
2020-12-30,243.34800720214844,243.38999938964844,234.6450042724609,238.38999938964844,235.2279052734375,44812300,109992.0,BABA,$BABA 245-250 tmr I asked for 235 for today and it gave me more 😂,$baba 245250 tmr i asked for 235 for today and it gave me more,0.0
2020-12-30,243.34800720214844,243.38999938964844,234.6450042724609,238.38999938964844,235.2279052734375,44812300,109993.0,BABA,$BABA Moment of silence for shorts and puts... 🙏🏽,$baba moment of silence for shorts and puts,0.0
2020-12-30,243.34800720214844,243.38999938964844,234.6450042724609,238.38999938964844,235.2279052734375,44812300,109994.0,BABA,"$BABA 😖😖😖😖

I’ll be making adjustments to this plan.

Hopefully get a pullback and enter on the 245.45 break","$baba 

ill be making adjustments to this plan

hopefully get a pullback and enter on the 24545 break",-0.0258
2020-12-31,237.4600067138672,238.9199981689453,231.0269927978516,232.72999572753903,229.6429748535156,23451800,107991.0,BABA,"$BABA 🦗🦗🦗
the real bulls and swing traders are enjoying this.","$baba 
the real bulls and swing traders are enjoying this",0.5267
2020-12-31,237.4600067138672,238.9199981689453,231.0269927978516,232.72999572753903,229.6429748535156,23451800,109998.0,BABA,$BABA Who else is glad they sold in 240s yesterday... 😅,$baba who else is glad they sold in 240s yesterday,0.4588
