Date,Open,High,Low,Close,Adj Close,Volume,id,ticker,tweet,tweet_cleaned,sentiment_score
2020-12-10,146.0,165.0,141.25,144.7100067138672,144.7100067138672,70447500,107517.0,ABNB,"$ABNB since Jeff Bezos is investing in this stock, I guess I have to as well. 🎁🎁🎁💰💰💰",$abnb since jeff bezos is investing in this stock i guess i have to as well,0.2732
2020-12-10,146.0,165.0,141.25,144.7100067138672,144.7100067138672,70447500,107530.0,ABNB,$ABNB already got my buy order in place 😫😬🙌🏼,$abnb already got my buy order in place,0.0
2020-12-10,146.0,165.0,141.25,144.7100067138672,144.7100067138672,70447500,107540.0,ABNB,$ABNB same 🐻 told about AI.. bullish on ABNB,$abnb same  told about ai bullish on abnb,0.0
2020-12-10,146.0,165.0,141.25,144.7100067138672,144.7100067138672,70447500,107541.0,ABNB,"$ABNB I just bought 1 share. 😇 

Take me to the moon! 🚀","$abnb i just bought 1 share  

take me to the moon",0.296
2020-12-10,146.0,165.0,141.25,144.7100067138672,144.7100067138672,70447500,107546.0,ABNB,$ABNB to the moon!!!! $100B market cap EOW 🚀🚀🚀🚀🚀🚀🚀,$abnb to the moon $100b market cap eow,0.0
2020-12-10,146.0,165.0,141.25,144.7100067138672,144.7100067138672,70447500,107548.0,ABNB,$ABNB will buy this at a HUGE dip so I’ll be waiting 😈,$abnb will buy this at a huge dip so ill be waiting,-0.2006
2020-12-10,146.0,165.0,141.25,144.7100067138672,144.7100067138672,70447500,107549.0,ABNB,$ABNB I now a remaining stake of 1 share in AirBNB. I look forward to my proxy’s. 😃,$abnb i now a remaining stake of 1 share in airbnb i look forward to my proxys,0.296
2020-12-10,146.0,165.0,141.25,144.7100067138672,144.7100067138672,70447500,107551.0,ABNB,$ABNB PEOPLE ARE GOING TO WANT TO SOCIALIZE and HAVE an EXPERIENCE when TRAVELING. Soon as this pandemic is over Airbnb is through the roof. 💥,$abnb people are going to want to socialize and have an experience when traveling soon as this pandemic is over airbnb is through the roof,0.0772
2020-12-10,146.0,165.0,141.25,144.7100067138672,144.7100067138672,70447500,107554.0,ABNB,$ABNB well got my IPO OF $68! Pleasantly surprised! But this is before everything opens back up so I’m expecting A Tesla type move by summer 💰 💰 💰 yeeeeeeeehawww,$abnb well got my ipo of $68 pleasantly surprised but this is before everything opens back up so im expecting a tesla type move by summer    yeeeeeeeehawww,0.4678
2020-12-10,146.0,165.0,141.25,144.7100067138672,144.7100067138672,70447500,107560.0,ABNB,$ABNB if your bearish your thinking short term. If you don’t see the long term potential here you don’t travel. Simple as that 🤷🏻‍♂️,$abnb if your bearish your thinking short term if you dont see the long term potential here you dont travel simple as that,0.0
2020-12-10,146.0,165.0,141.25,144.7100067138672,144.7100067138672,70447500,109942.0,ABNB,$ABNB who else is nervous about how this is going to play out today 😫,$abnb who else is nervous about how this is going to play out today,0.0772
2020-12-10,146.0,165.0,141.25,144.7100067138672,144.7100067138672,70447500,109944.0,ABNB,"$ABNB shoutout to William Blair who got me 100 shares at $68

I will be selling at the open though 😂","$abnb shoutout to william blair who got me 100 shares at $68

i will be selling at the open though",0.296
2020-12-11,146.5500030517578,151.5,135.10000610351562,139.25,139.25,26980800,107573.0,ABNB,$ABNB going to 160 tommorow. Positive vaccine news and the majority of buyers today were 144 and above. Get ready for the 🚀,$abnb going to 160 tommorow positive vaccine news and the majority of buyers today were 144 and above get ready for the,0.7269
2020-12-11,146.5500030517578,151.5,135.10000610351562,139.25,139.25,26980800,107578.0,ABNB,$ABNB the days of renting a shoebox room at a chain hotel with (1) Queen bed and a small prison bar of soap and a window you can’t open are over. 1980 called they want their hotel business model back! 🤩💸,$abnb the days of renting a shoebox room at a chain hotel with 1 queen bed and a small prison bar of soap and a window you cant open are over 1980 called they want their hotel business model back,-0.4588
2020-12-11,146.5500030517578,151.5,135.10000610351562,139.25,139.25,26980800,107601.0,ABNB,$ABNB Accept your stupidity and move on 🤣,$abnb accept your stupidity and move on,-0.0772
2020-12-11,146.5500030517578,151.5,135.10000610351562,139.25,139.25,26980800,107604.0,ABNB,$ABNB those bag whores thought process lol 😂,$abnb those bag whores thought process lol,-0.296
2020-12-11,146.5500030517578,151.5,135.10000610351562,139.25,139.25,26980800,107606.0,ABNB,"$ABNB waiting for triple down
under $50 😂😂📊😂🩸🩸📉📉","$abnb waiting for triple down
under $50",0.0
2020-12-11,146.5500030517578,151.5,135.10000610351562,139.25,139.25,26980800,107607.0,ABNB,"$ABNB 😂 reminds of Uber 😂 they own nothing but valued as if they own
It all 😂","$abnb  reminds of uber  they own nothing but valued as if they own
it all",-0.4782
2020-12-14,135.0,135.3000030517578,125.16000366210938,130.0,130.0,16966100,107622.0,ABNB,$ABNB 😂😂😂🤣🤣 at everyone who bought this overpriced piece of shit. You deserve these red days coming.,$abnb  at everyone who bought this overpriced piece of shit you deserve these red days coming,-0.5574
2020-12-14,135.0,135.3000030517578,125.16000366210938,130.0,130.0,16966100,107623.0,ABNB,$ABNB these airbnb daytraders are getting rekt 😂,$abnb these airbnb daytraders are getting rekt,0.0
2020-12-14,135.0,135.3000030517578,125.16000366210938,130.0,130.0,16966100,107624.0,ABNB,$ABNB  5 alarm fire 🔥🔥🔥🔥🔥 up 8n here..quick stop duck and roll!!!🤣🤣,$abnb  5 alarm fire  up 8n herequick stop duck and roll,-0.7184
2020-12-14,135.0,135.3000030517578,125.16000366210938,130.0,130.0,16966100,107625.0,ABNB,"$ABNB get down to 50 where you belong.

Market cap is still around 85B 😂😂😂","$abnb get down to 50 where you belong

market cap is still around 85b",0.0
2020-12-14,135.0,135.3000030517578,125.16000366210938,130.0,130.0,16966100,107626.0,ABNB,"$ABNB See u ~$70, but still will not add (maybe)....🧐",$abnb see u $70 but still will not add maybe,0.0
2020-12-14,135.0,135.3000030517578,125.16000366210938,130.0,130.0,16966100,107628.0,ABNB,$ABNB 🤣🤣🤣🤣🤣 back to 60 we go?,$abnb  back to 60 we go,0.0
2020-12-14,135.0,135.3000030517578,125.16000366210938,130.0,130.0,16966100,107636.0,ABNB,$ABNB I wouldn’t buy this at $35 👎,$abnb i wouldnt buy this at $35,0.0
2020-12-14,135.0,135.3000030517578,125.16000366210938,130.0,130.0,16966100,107637.0,ABNB,$ABNB I'm usually bullish but think this one will go down to 30's.... 🥺💰,$abnb im usually bullish but think this one will go down to 30s,0.0
2020-12-15,126.69000244140624,127.5999984741211,121.5,124.8000030517578,124.8000030517578,10914400,107650.0,ABNB,$ABNB struggling again today. Haha down she goes ☺️,$abnb struggling again today haha down she goes,0.0516
2020-12-15,126.69000244140624,127.5999984741211,121.5,124.8000030517578,124.8000030517578,10914400,107651.0,ABNB,$ABNB drop to the 60’s baby 😋,$abnb drop to the 60s baby,-0.2732
2020-12-15,126.69000244140624,127.5999984741211,121.5,124.8000030517578,124.8000030517578,10914400,107654.0,ABNB,$ABNB looking for a room... willing to pay $75 just like for the stock 😁,$abnb looking for a room willing to pay $75 just like for the stock,0.2732
2020-12-15,126.69000244140624,127.5999984741211,121.5,124.8000030517578,124.8000030517578,10914400,107668.0,ABNB,$ABNB Trying to find the dip but it's never ending 😂,$abnb trying to find the dip but its never ending,0.0
2020-12-15,126.69000244140624,127.5999984741211,121.5,124.8000030517578,124.8000030517578,10914400,109957.0,ABNB,$ABNB how are you my fellow bag holders ?😎😎😎so who bought at $165??,$abnb how are you my fellow bag holders so who bought at $165,0.0
2020-12-16,125.83000183105467,142.0,124.91000366210938,137.99000549316406,137.99000549316406,20409600,107679.0,ABNB,$ABNB you guys gonna get your first Green Day today? 🤡😂 this will be below 100,$abnb you guys gonna get your first green day today  this will be below 100,0.0
2020-12-16,125.83000183105467,142.0,124.91000366210938,137.99000549316406,137.99000549316406,20409600,107694.0,ABNB,$ABNB Why are puts printing? Am I the only one seeing this? 💰😎🍾,$abnb why are puts printing am i the only one seeing this,0.0
2020-12-16,125.83000183105467,142.0,124.91000366210938,137.99000549316406,137.99000549316406,20409600,107696.0,ABNB,$ABNB most bulls here are still down $15-20 a share and act like they made a Warren Buffet level play 🤣🤡,$abnb most bulls here are still down $1520 a share and act like they made a warren buffet level play,0.7269
2020-12-16,125.83000183105467,142.0,124.91000366210938,137.99000549316406,137.99000549316406,20409600,107697.0,ABNB,"$ABNB is a bloated pig 🐷 

Losing money, horrible metrics, under attack from all angles","$abnb is a bloated pig  

losing money horrible metrics under attack from all angles",-0.8481
2020-12-16,125.83000183105467,142.0,124.91000366210938,137.99000549316406,137.99000549316406,20409600,109965.0,ABNB,$ABNB 🎶 Jaws music playing in background 🎶,$abnb  jaws music playing in background,0.2023
2020-12-17,143.0,152.4499969482422,142.6699981689453,147.0500030517578,147.0500030517578,15054700,107705.0,ABNB,$ABNB is it too late to buy or should I wait for 170 to buy in ?? 🤔,$abnb is it too late to buy or should i wait for 170 to buy in,0.0
2020-12-17,143.0,152.4499969482422,142.6699981689453,147.0500030517578,147.0500030517578,15054700,107707.0,ABNB,$ABNB bear logic looking a lot like $68 😂,$abnb bear logic looking a lot like $68,0.3612
2020-12-17,143.0,152.4499969482422,142.6699981689453,147.0500030517578,147.0500030517578,15054700,107711.0,ABNB,$ABNB  I was talking about 180s a few days ago when Amateur Bears were predicting below 60 🤣,$abnb  i was talking about 180s a few days ago when amateur bears were predicting below 60,0.0
2020-12-18,150.4499969482422,159.0,150.3000030517578,157.3000030517578,157.3000030517578,15954200,107727.0,ABNB,"$ABNB Min $200, who cares about valuations anyway 😂. $1000 company right here.",$abnb min $200 who cares about valuations anyway  $1000 company right here,0.4588
2020-12-21,155.30999755859375,172.0,145.11000061035156,163.02000427246094,163.02000427246094,17788100,107775.0,ABNB,$ABNB who bought the am dip 🙋‍♂️,$abnb who bought the am dip,0.0
2020-12-21,155.30999755859375,172.0,145.11000061035156,163.02000427246094,163.02000427246094,17788100,108972.0,ABNB,$ABNB Mr. Cramer wants you to own this stock 💰. Don’t listen to bears hahah,$abnb mr cramer wants you to own this stock  dont listen to bears hahah,0.0
2020-12-22,170.0,174.97000122070312,161.0500030517578,163.19000244140625,163.19000244140625,9872600,107806.0,ABNB,$ABNB this was down 4$ pre yesterday. Holding tight for now. 🔥,$abnb this was down 4$ pre yesterday holding tight for now,0.0
2020-12-23,162.81399536132812,168.25,155.5,158.00999450683594,158.00999450683594,5852500,107850.0,ABNB,"$ABNB With ABnb rentals you avoid common areas like hotel lobbies,  elevators  and most importantly potential spreaders. No brainer to me 🤷‍♂️",$abnb with abnb rentals you avoid common areas like hotel lobbies  elevators  and most importantly potential spreaders no brainer to me,0.1761
2020-12-24,159.16000366210938,162.7899932861328,154.11199951171875,154.83999633789062,154.83999633789062,3621400,107898.0,ABNB,$ABNB this stock is so toots haha. Get back in at 120’s ferdaaaa. Smell ya there bulls🥸🥸,$abnb this stock is so toots haha get back in at 120s ferdaaaa smell ya there bulls,0.507
2020-12-28,158.60000610351562,163.63999938964844,147.52000427246094,149.0,149.0,6229200,107908.0,ABNB,$ABNB No words 😶 it’s overpriced as h*** I wouldn’t touch it over $100 NO WAY 🤯,$abnb no words  its overpriced as h i wouldnt touch it over $100 no way,-0.5267
2020-12-29,150.0,151.6510009765625,143.1199951171875,150.0,150.0,5402300,107938.0,ABNB,$ABNB can’t you see! Can’t you see! What that woman been doin to me! Yeah!💸🍻,$abnb cant you see cant you see what that woman been doin to me yeah,0.296
2020-12-31,146.89999389648438,147.88999938964844,144.50999450683594,146.8000030517578,146.8000030517578,2795800,107999.0,ABNB,"$ABNB Be a bag holder ,you get great muscle tone. When lockup expires this will dive fast .Debt and insider salaries will keep this in negative Ebitba for several years.〽️👎🏿👀💩",$abnb be a bag holder you get great muscle tone when lockup expires this will dive fast debt and insider salaries will keep this in negative ebitba for several years,-0.2732
2020-12-31,146.89999389648438,147.88999938964844,144.50999450683594,146.8000030517578,146.8000030517578,2795800,109996.0,ABNB,"$ABNB “sugar daddy puts.” Don’t mind me, I’m just feeding the trolls. 😊",$abnb sugar daddy puts dont mind me im just feeding the trolls,0.0
