Date,Open,High,Low,Close,Adj Close,Volume,id,ticker,tweet,tweet_cleaned,sentiment_score
2020-01-13,34.84000015258789,35.06999969482422,34.65999984741211,35.060001373291016,31.74859046936035,37956100,100141.0,BAC,C'mon $BAC my bird needs to eat. I'm running low on laundry detergent and tired of eating canned tuna for the 14th week straight. Give me my money! 💸💸💸,cmon $bac my bird needs to eat im running low on laundry detergent and tired of eating canned tuna for the 14th week straight give me my money,-0.4767
2020-01-15,34.77000045776367,34.790000915527344,34.34000015258789,34.66999816894531,31.39542579650879,74745500,100177.0,BAC,"$BAC time to grab some calls 
💵",$bac time to grab some calls,0.0
2020-02-27,29.549999237060547,30.299999237060547,28.90999984741211,29.1299991607666,26.378681182861328,121148300,109129.0,BAC,$BAC this stock has been killing me 💀,$bac this stock has been killing me,-0.6597
2020-03-03,29.3700008392334,29.75,27.6200008392334,27.75,25.1290225982666,138698500,101155.0,BAC,$BAC going back to 30+ next week 🤷🏻‍♂️,$bac going back to 30 next week,0.0
2020-03-03,29.3700008392334,29.75,27.6200008392334,27.75,25.1290225982666,138698500,108131.0,BAC,$BAC TUP will be the turnaround of through year🚀🚀💰💰,$bac tup will be the turnaround of through year,0.0
2020-03-05,27.239999771118164,27.350000381469727,26.39999961853028,26.780000686645508,24.405378341674805,110878700,101237.0,BAC,$BAC Endorsement coming up? (Warren to Joe) ✅,$bac endorsement coming up warren to joe,0.3182
2020-03-05,27.239999771118164,27.350000381469727,26.39999961853028,26.780000686645508,24.405378341674805,110878700,101239.0,BAC,"$BAC Buy the dip here, I do declare 🧐",$bac buy the dip here i do declare,0.0
2020-03-06,25.46999931335449,26.209999084472656,25.100000381469727,25.709999084472656,23.430253982543945,119121200,101270.0,BAC,$BAC how low can she go 🧐,$bac how low can she go,-0.2732
2020-03-09,22.229999542236328,23.489999771118164,21.51000022888184,21.93000030517578,19.985429763793945,145196000,101305.0,BAC,$BAC so what happens to this stock if fed cuts rates again 🧐,$bac so what happens to this stock if fed cuts rates again,-0.296
2020-03-10,23.25,23.68000030517578,21.59000015258789,23.61000061035156,21.51646041870117,134863600,101343.0,BAC,"$BAC woah! A big buy of 7,687,571 shares at $23.61 👀",$bac woah a big buy of 7687571 shares at $2361,0.296
2020-03-11,22.84000015258789,23.959999084472656,22.26000022888184,22.670000076293945,20.659814834594727,127347000,101354.0,BAC,$BAC lows won’t hold forever. In now and average down if needed. 💵💵💵🇺🇸🇺🇸🇺🇸,$bac lows wont hold forever in now and average down if needed,-0.2023
2020-03-19,20.26000022888184,21.75,19.0,21.200000762939453,19.320161819458008,122461300,101687.0,BAC,"$BAC Careful folks, don’t chase the tape here...☠️",$bac careful folks dont chase the tape here,0.1531
2020-03-20,21.76000022888184,21.84000015258789,19.559999465942383,19.670000076293945,17.925827026367188,150910400,101776.0,BAC,"$BAC holy cow that 52,000 bid at 5.90🤩🤩",$bac holy cow that 52000 bid at 590,0.0
2020-03-25,21.709999084472656,22.100000381469727,20.40999984741211,21.100000381469727,19.229034423828125,146991300,101888.0,BAC,$BAC 25 coming soon! I'm holding my $23 calls🤤,$bac 25 coming soon im holding my $23 calls,0.0
2020-03-25,21.709999084472656,22.100000381469727,20.40999984741211,21.100000381469727,19.229034423828125,146991300,101897.0,BAC,$BAC in at 17.50 longgggggg hold 💯,$bac in at 1750 longgggggg hold,0.0
2020-03-25,21.709999084472656,22.100000381469727,20.40999984741211,21.100000381469727,19.229034423828125,146991300,101903.0,BAC,$BAC I guess buying at 20.50 was a good idea! 🤷‍♂️,$bac i guess buying at 2050 was a good idea,0.4404
2020-03-25,21.709999084472656,22.100000381469727,20.40999984741211,21.100000381469727,19.229034423828125,146991300,101952.0,BAC,$BAC about to launch past $22 for $23 close?? Let’s gooo 🚀🚀🚀,$bac about to launch past $22 for $23 close lets gooo,0.0
2020-03-25,21.709999084472656,22.100000381469727,20.40999984741211,21.100000381469727,19.229034423828125,146991300,109226.0,BAC,$BAC I bought you yesterday. $18 was the target now $30 🤞,$bac i bought you yesterday $18 was the target now $30,0.0
2020-03-26,21.309999465942383,22.950000762939453,21.170000076293945,22.71999931335449,20.705381393432617,116111400,101972.0,BAC,$BAC reload at $20.00 then taking this to $26.02👽💨💨🤑,$bac reload at $2000 then taking this to $2602,0.0
2020-03-26,21.309999465942383,22.950000762939453,21.170000076293945,22.71999931335449,20.705381393432617,116111400,102009.0,BAC,$BAC shorts told me BAC will be on sale. 5$ they said 🤔😂,$bac shorts told me bac will be on sale 5$ they said,0.0
2020-03-31,21.81999969482422,22.489999771118164,20.959999084472656,21.229999542236328,19.347501754760746,95213700,102112.0,BAC,$BAC take me to the moon please ✊🏼💸,$bac take me to the moon please,0.3182
2020-03-31,21.81999969482422,22.489999771118164,20.959999084472656,21.229999542236328,19.347501754760746,95213700,102150.0,BAC,$BAC Almost there! I'm a buyer at 20 or less💰🤤,$bac almost there im a buyer at 20 or less,0.0
2020-04-14,24.5,24.64999961853028,23.100000381469727,23.729999542236328,21.62581825256348,88991100,102330.0,BAC,$BAC everyone buying cause of er 😂😂🤣🤣🤦‍♂️🤦‍♂️ wait till tomorrow going drop dollars,$bac everyone buying cause of er  wait till tomorrow going drop dollars,-0.2732
2020-04-14,24.5,24.64999961853028,23.100000381469727,23.729999542236328,21.62581825256348,88991100,102331.0,BAC,$BAC Are my $27 4/17 Puts screwed or am I going to make 💰 tomorrow?,$bac are my $27 417 puts screwed or am i going to make  tomorrow,-0.4939
2020-04-15,22.15999984741211,22.64999961853028,21.90999984741211,22.190000534057617,20.22237777709961,99082200,102336.0,BAC,$BAC you guys really think this is going up tomorrow?? 🤣  probably going under 20 be ready,$bac you guys really think this is going up tomorrow   probably going under 20 be ready,0.3612
2020-04-15,22.15999984741211,22.64999961853028,21.90999984741211,22.190000534057617,20.22237777709961,99082200,102337.0,BAC,"$BAC when ER misses, bulls have about 30 mins to sell. Make sure you wake up early 😉",$bac when er misses bulls have about 30 mins to sell make sure you wake up early,0.1027
2020-04-15,22.15999984741211,22.64999961853028,21.90999984741211,22.190000534057617,20.22237777709961,99082200,102339.0,BAC,$BAC look it’s most of you 😂😂😂 they made y’all a card and everything #shutupandtakemymoney,$bac look its most of you  they made yall a card and everything shutupandtakemymoney,0.0
2020-04-15,22.15999984741211,22.64999961853028,21.90999984741211,22.190000534057617,20.22237777709961,99082200,102341.0,BAC,"$BAC profit fell 45% in 1st quarter,  just imagine what 2nd quarter going to look like 😂😂",$bac profit fell 45 in 1st quarter  just imagine what 2nd quarter going to look like,0.6597
2020-04-15,22.15999984741211,22.64999961853028,21.90999984741211,22.190000534057617,20.22237777709961,99082200,102342.0,BAC,$BAC i honest don’t understand how anyone could have thought they would produce good earnings😂,$bac i honest dont understand how anyone could have thought they would produce good earnings,0.7351
2020-04-15,22.15999984741211,22.64999961853028,21.90999984741211,22.190000534057617,20.22237777709961,99082200,102345.0,BAC,"$BAC blood coming . $23 level already broke . 22,5 next . Then 21,20,19,18,17,15,15,14,13,12..all the way down to 1 🔥🔥🔥🔥",$bac blood coming  $23 level already broke  225 next  then 21201918171515141312all the way down to 1,-0.4215
2020-04-15,22.15999984741211,22.64999961853028,21.90999984741211,22.190000534057617,20.22237777709961,99082200,102347.0,BAC,$BAC was going to take profit but I said to my self .. nah I definitely think it’s dropping under 20 .. way to early to pull trigger ..IMO 👁,$bac was going to take profit but i said to my self  nah i definitely think its dropping under 20  way to early to pull trigger imo,0.5994
2020-04-16,22.14999961853028,22.209999084472656,21.09000015258789,21.420000076293945,19.520654678344727,89213300,102364.0,BAC,$BAC predicting $20.54 by the end of the day. #RideTheWave 📉,$bac predicting $2054 by the end of the day ridethewave,0.0
2020-04-16,22.14999961853028,22.209999084472656,21.09000015258789,21.420000076293945,19.520654678344727,89213300,102389.0,BAC,"$BAC you Hurd here first fuckers, this won’t be this way tomorrow 👁",$bac you hurd here first fuckers this wont be this way tomorrow,-0.5994
2020-04-16,22.14999961853028,22.209999084472656,21.09000015258789,21.420000076293945,19.520654678344727,89213300,109299.0,BAC,$BAC come to papa you over inflated pig! The next leg down will be bloody!🔥⛈🔥🌪⚡️⚡️,$bac come to papa you over inflated pig the next leg down will be bloody,-0.4404
2020-04-17,22.34000015258789,23.39999961853028,22.309999465942383,23.280000686645508,21.21572494506836,92800300,102392.0,BAC,$BAC I’m in the dark playing drake and a bottle of booze 😢,$bac im in the dark playing drake and a bottle of booze,0.2023
2020-04-17,22.34000015258789,23.39999961853028,22.309999465942383,23.280000686645508,21.21572494506836,92800300,102398.0,BAC,$BAC Where are all those bulls that said it would open at $25 🤣🤣🤣,$bac where are all those bulls that said it would open at $25,0.0
2020-04-17,22.34000015258789,23.39999961853028,22.309999465942383,23.280000686645508,21.21572494506836,92800300,102399.0,BAC,"$BAC take your profit, this thing bout to drop 😂",$bac take your profit this thing bout to drop,0.2023
2020-04-17,22.34000015258789,23.39999961853028,22.309999465942383,23.280000686645508,21.21572494506836,92800300,108294.0,BAC,"$BAC 22.50 put expires today , you win guys you win 😢",$bac 2250 put expires today  you win guys you win,0.8225
2020-04-22,22.15999984741211,22.229999542236328,21.75,21.799999237060547,19.866958618164062,49669500,102466.0,BAC,$BAC Pain hasn’t even begun yet. 🤦‍♂️,$bac pain hasnt even begun yet,-0.5106
2020-05-12,22.709999084472656,22.81999969482422,21.850000381469727,21.8700008392334,19.93075180053711,69588700,102881.0,BAC,$BAC after option expiry 19. 66/18.88 🎯,$bac after option expiry 19 661888,0.0
2020-06-11,24.979999542236328,25.690000534057617,23.68000030517578,23.93000030517578,21.96017837524414,149875500,103288.0,BAC,"$BAC I mean, they could put this back to 25 by close today but if not that is one seriously ugly candle 🤮",$bac i mean they could put this back to 25 by close today but if not that is one seriously ugly candle,-0.7579
2020-06-15,23.76000022888184,25.170000076293945,23.690000534057617,25.14999961853028,23.07975196838379,76538900,109416.0,BAC,$BAC what’s a day sold my puts this morning made 40% and bought calls right after up 80% on those🤤. 120% day gain Looking for continuation up tmro. Hey I’m biased like everyone else. I’m bullish now.,$bac whats a day sold my puts this morning made 40 and bought calls right after up 80 on those 120 day gain looking for continuation up tmro hey im biased like everyone else im bullish now,0.5859
2020-06-17,25.89999961853028,25.89999961853028,24.920000076293945,25.0,22.94210433959961,58349500,103390.0,BAC,$BAC cheap shares. Take advantage of this time. This will go back to 30 in less than 3 to 6 months. 🥰,$bac cheap shares take advantage of this time this will go back to 30 in less than 3 to 6 months,0.4939
2020-06-24,24.540000915527344,24.540000915527344,23.68000030517578,23.809999465942383,21.85005760192871,75437100,103484.0,BAC,$BAC i see an upward movement here⬆️,$bac i see an upward movement here,0.0
2020-06-25,23.700000762939453,24.770000457763672,23.549999237060547,24.71999931335449,22.68515014648437,65031900,103525.0,BAC,$BAC I got a notification this was down 👀 ok lol,$bac i got a notification this was down  ok lol,0.6124
2020-07-07,23.3799991607666,23.38999938964844,22.89999961853028,23.01000022888184,21.11591339111328,60645800,103653.0,BAC,$BAC i will buy u @ $14.6 👏🏿🤣 ... trash,$bac i will buy u  $146   trash,0.0
2020-07-16,23.75,24.21999931335449,23.540000915527344,23.93000030517578,21.96017837524414,78067100,103863.0,BAC,$BAC 😂 😂 still waiting to hear from the bulls of yesterday 27+ 🤣,$bac   still waiting to hear from the bulls of yesterday 27,0.0
2020-07-23,24.520000457763672,24.63999938964844,24.11000061035156,24.540000915527344,22.51996803283692,61047600,104015.0,BAC,$BAC who bought that dip from 9:45-11⁉️,$bac who bought that dip from 94511,0.0
2020-07-24,24.559999465942383,24.82999992370605,24.270000457763672,24.350000381469727,22.34560775756836,50217600,109507.0,BAC,$BAC every dollar this goes up warring makes $34 million 😅 let that sink in,$bac every dollar this goes up warring makes $34 million  let that sink in,-0.4404
2020-08-04,24.959999084472656,25.059999465942383,24.86000061035156,25.01000022888184,22.951282501220703,37985300,104236.0,BAC,$BAC will be bigger breakout than corona 😂😂,$bac will be bigger breakout than corona,0.0
2020-08-12,27.479999542236328,27.56999969482422,26.40999984741211,26.729999542236328,24.529691696166992,61971300,108542.0,BAC,"$BAC SNAP, SNAP... that was a bear trap! 🐻💀📈",$bac snap snap that was a bear trap,-0.3182
2020-08-20,25.15999984741211,25.32999992370605,25.020000457763672,25.100000381469727,23.033870697021484,49403700,104549.0,BAC,"$BAC tomorrow all the people who have take long term call will be selling, if not they will feel pain the next week for sure
best of luck for bullish and foolish behavior on this stock😆😆","$bac tomorrow all the people who have take long term call will be selling if not they will feel pain the next week for sure
best of luck for bullish and foolish behavior on this stock",0.6249
2020-08-20,25.15999984741211,25.32999992370605,25.020000457763672,25.100000381469727,23.033870697021484,49403700,104555.0,BAC,$BAC Saw this coming! These puts looking real nice 💰,$bac saw this coming these puts looking real nice,0.4215
2020-09-02,25.530000686645508,26.15999984741211,25.489999771118164,26.020000457763672,23.87814140319824,57300900,105118.0,BAC,$BAC what’s a realistic exit PT? 👀,$bac whats a realistic exit pt,0.0
2020-09-03,26.200000762939453,26.6200008392334,25.459999084472656,25.65999984741211,23.71180725097656,86192500,105124.0,BAC,$BAC looking at these sep 18 28 calls🤫,$bac looking at these sep 18 28 calls,0.0
2020-09-15,25.770000457763672,25.82999992370605,25.190000534057617,25.280000686645508,23.360658645629883,63820200,105689.0,BAC,$BAC holding my $26 9/18e calls into tomorrow. Still too oversold with XLF and big day tomorrow for the macro and I am bullish on macro. 🤷🏻‍♂️👍,$bac holding my $26 918e calls into tomorrow still too oversold with xlf and big day tomorrow for the macro and i am bullish on macro,0.0
2020-10-08,24.950000762939453,25.299999237060547,24.809999465942383,25.239999771118164,23.32369613647461,52080600,109816.0,BAC,BTO $BAC CALLS $26 10/30 @ .52 💖,bto $bac calls $26 1030  52,0.0
2020-10-14,24.350000381469727,24.59000015258789,23.59000015258789,23.6200008392334,21.82669258117676,127409500,106539.0,BAC,"$BAC short short short :) I am too greedy and I shall suffer tomorrow😂  

or more red tomorrow.  highly likely!!!","$bac short short short  i am too greedy and i shall suffer tomorrow  

or more red tomorrow  highly likely",-0.7003
2020-11-10,27.489999771118164,27.76000022888184,27.18000030517578,27.65999984741211,25.559959411621094,77694600,109871.0,BAC,$BAC wall street dummies had zero clue that rising bond yields last week were a banks buy signal 🤣,$bac wall street dummies had zero clue that rising bond yields last week were a banks buy signal,0.0
2020-11-12,26.84000015258789,26.89999961853028,26.309999465942383,26.690000534057617,24.663604736328125,67912600,106935.0,BAC,$BAC bounced off perfectly on the fib. Looking to re enter short position 👨🏼‍💻📉,$bac bounced off perfectly on the fib looking to re enter short position,0.6369
2020-11-13,26.8799991607666,27.209999084472656,26.76000022888184,27.0,24.950069427490234,52421000,108872.0,BAC,"$BAC Beautiful, fill that gap and continue your way down. 👨🏼‍💻✅",$bac beautiful fill that gap and continue your way down,0.5994
2020-12-03,28.940000534057617,29.100000381469727,28.6299991607666,28.90999984741211,26.88155937194824,54013700,107332.0,BAC,"$BAC this morning = 🙄 ... economic picture is brightening, stimulus is more probable; this would be $29+ already today if MMs would let it, will be $30+ soon enough anyhow",$bac this morning    economic picture is brightening stimulus is more probable this would be $29 already today if mms would let it will be $30 soon enough anyhow,0.5423
2020-12-10,28.6299991607666,29.1299991607666,28.46999931335449,29.11000061035156,27.067529678344727,58859600,107558.0,BAC,$BAC Closed at high of day on highest volume of the day. Huge bullish momentum leading into tomorrow. ✊🏼,$bac closed at high of day on highest volume of the day huge bullish momentum leading into tomorrow,0.3182
2020-12-10,28.6299991607666,29.1299991607666,28.46999931335449,29.11000061035156,27.067529678344727,58859600,108945.0,BAC,$BAC this needs to be red 💩,$bac this needs to be red,0.0
